model,kind,mode,iou,threshold,n_gt_test,n_det_raw,n_det_scored,tp,recall_as_is,recall,precision_as_is,precision,f1_as_is,f1
pit_07_maskrcnn,pit,score,0.05,0.95,69,2979,101,68,1.0,0.9855072463768116,0.023162134944612285,0.6732673267326733,0.0452755905511811,0.8
pit_07_maskrcnn,pit,score,0.1,0.95,69,2979,101,68,1.0,0.9855072463768116,0.023162134944612285,0.6732673267326733,0.0452755905511811,0.8
pit_07_maskrcnn,pit,score,0.2,0.95,69,2979,101,68,1.0,0.9855072463768116,0.023162134944612285,0.6732673267326733,0.0452755905511811,0.8
pit_07_maskrcnn,pit,score,0.3,0.95,69,2979,101,67,0.9855072463768116,0.9710144927536232,0.022826451829472977,0.6633663366336634,0.04461942257217847,0.788235294117647
pit_07_maskrcnn,pit,score,0.4,0.95,69,2979,101,67,0.9855072463768116,0.9710144927536232,0.022826451829472977,0.6633663366336634,0.04461942257217847,0.788235294117647
pit_07_maskrcnn,pit,score,0.5,0.95,69,2979,101,67,0.9855072463768116,0.9710144927536232,0.022826451829472977,0.6633663366336634,0.04461942257217847,0.788235294117647
pit_07_maskrcnn,pit,score,0.6,0.95,69,2979,101,63,0.9130434782608695,0.9130434782608695,0.021148036253776436,0.6237623762376238,0.04133858267716535,0.7411764705882353
pit_07_maskrcnn,pit,score,0.7,0.95,69,2979,101,51,0.7391304347826086,0.7391304347826086,0.017119838872104734,0.504950495049505,0.03346456692913386,0.6
pit_07_maskrcnn,pit,score,0.8,0.95,69,2979,101,15,0.21739130434782608,0.21739130434782608,0.005035246727089627,0.1485148514851485,0.00984251968503937,0.1764705882352941
pit_07_maskrcnn,pit,score,0.9,0.95,69,2979,101,0,0.0,0.0,0.0,0.0,0.0,0.0
pit_08_yolo,pit,score,0.05,0.45,69,3602,87,62,1.0,0.8985507246376812,0.019156024430871738,0.7126436781609196,0.03759193680196132,0.7948717948717949
pit_08_yolo,pit,score,0.1,0.45,69,3602,87,62,1.0,0.8985507246376812,0.019156024430871738,0.7126436781609196,0.03759193680196132,0.7948717948717949
pit_08_yolo,pit,score,0.2,0.45,69,3602,87,62,1.0,0.8985507246376812,0.019156024430871738,0.7126436781609196,0.03759193680196132,0.7948717948717949
pit_08_yolo,pit,score,0.3,0.45,69,3602,87,62,1.0,0.8985507246376812,0.019156024430871738,0.7126436781609196,0.03759193680196132,0.7948717948717949
pit_08_yolo,pit,score,0.4,0.45,69,3602,87,61,0.9855072463768116,0.8840579710144928,0.018878400888395337,0.7011494252873564,0.037047126123672024,0.782051282051282
pit_08_yolo,pit,score,0.5,0.45,69,3602,87,56,0.855072463768116,0.8115942028985508,0.016379789006107717,0.6436781609195402,0.03214383001906837,0.7179487179487178
pit_08_yolo,pit,score,0.6,0.45,69,3602,87,47,0.7101449275362319,0.6811594202898551,0.013603553581343698,0.5402298850574713,0.02669572323617543,0.6025641025641026
pit_08_yolo,pit,score,0.7,0.45,69,3602,87,29,0.43478260869565216,0.42028985507246375,0.00832870627429206,0.3333333333333333,0.01634432034867883,0.37179487179487175
pit_08_yolo,pit,score,0.8,0.45,69,3602,87,5,0.07246376811594203,0.07246376811594203,0.00138811771238201,0.05747126436781609,0.002724053391446472,0.06410256410256411
pit_08_yolo,pit,score,0.9,0.45,69,3602,87,0,0.0,0.0,0.0,0.0,0.0,0.0
pad_05_maskrcnn,pad,score,0.05,0.95,87,3127,124,76,0.9885057471264368,0.8735632183908046,0.02750239846498241,0.6129032258064516,0.053515868077162417,0.7203791469194313
pad_05_maskrcnn,pad,score,0.1,0.95,87,3127,124,76,0.9885057471264368,0.8735632183908046,0.02750239846498241,0.6129032258064516,0.053515868077162417,0.7203791469194313
pad_05_maskrcnn,pad,score,0.2,0.95,87,3127,124,76,0.9885057471264368,0.8735632183908046,0.02750239846498241,0.6129032258064516,0.053515868077162417,0.7203791469194313
pad_05_maskrcnn,pad,score,0.3,0.95,87,3127,124,76,0.9885057471264368,0.8735632183908046,0.02750239846498241,0.6129032258064516,0.053515868077162417,0.7203791469194313
pad_05_maskrcnn,pad,score,0.4,0.95,87,3127,124,75,0.9770114942528736,0.8620689655172413,0.027182603133994242,0.6048387096774194,0.05289359054138145,0.7109004739336494
pad_05_maskrcnn,pad,score,0.5,0.95,87,3127,124,73,0.9540229885057471,0.8390804597701149,0.02654301247201791,0.5887096774193549,0.05164903546981953,0.6919431279620852
pad_05_maskrcnn,pad,score,0.6,0.95,87,3127,124,68,0.8620689655172413,0.7816091954022989,0.023984649824112567,0.5483870967741935,0.04667081518357187,0.6445497630331755
pad_05_maskrcnn,pad,score,0.7,0.95,87,3127,124,62,0.7586206896551724,0.7126436781609196,0.02110649184521906,0.5,0.04107031736154325,0.5876777251184834
pad_05_maskrcnn,pad,score,0.8,0.95,87,3127,124,35,0.41379310344827586,0.40229885057471265,0.011512631915574032,0.28225806451612906,0.022401991288114497,0.33175355450236965
pad_05_maskrcnn,pad,score,0.9,0.95,87,3127,124,1,0.011494252873563218,0.011494252873563218,0.0003197953309881676,0.008064516129032258,0.0006222775357809584,0.00947867298578199
pad_06_yolo,pad,score,0.05,0.9,87,1291,63,61,0.9540229885057471,0.7011494252873564,0.06429124709527498,0.9682539682539683,0.12046444121915821,0.8133333333333334
pad_06_yolo,pad,score,0.1,0.9,87,1291,63,61,0.9540229885057471,0.7011494252873564,0.06429124709527498,0.9682539682539683,0.12046444121915821,0.8133333333333334
pad_06_yolo,pad,score,0.2,0.9,87,1291,63,61,0.9425287356321839,0.7011494252873564,0.06351665375677769,0.9682539682539683,0.11901306240928881,0.8133333333333334
pad_06_yolo,pad,score,0.3,0.9,87,1291,63,61,0.9425287356321839,0.7011494252873564,0.06351665375677769,0.9682539682539683,0.11901306240928881,0.8133333333333334
pad_06_yolo,pad,score,0.4,0.9,87,1291,63,61,0.9310344827586207,0.7011494252873564,0.0627420604182804,0.9682539682539683,0.11756168359941944,0.8133333333333334
pad_06_yolo,pad,score,0.5,0.9,87,1291,63,61,0.9080459770114943,0.7011494252873564,0.061192873741285826,0.9682539682539683,0.1146589259796807,0.8133333333333334
pad_06_yolo,pad,score,0.6,0.9,87,1291,63,58,0.8390804597701149,0.6666666666666666,0.056545313710302095,0.9206349206349206,0.10595065312046445,0.7733333333333333
pad_06_yolo,pad,score,0.7,0.9,87,1291,63,57,0.8160919540229885,0.6551724137931034,0.054996127033307515,0.9047619047619048,0.1030478955007257,0.7599999999999999
pad_06_yolo,pad,score,0.8,0.9,87,1291,63,53,0.7126436781609196,0.6091954022988506,0.048024786986831915,0.8412698412698413,0.08998548621190132,0.7066666666666668
pad_06_yolo,pad,score,0.9,0.9,87,1291,63,45,0.5402298850574713,0.5172413793103449,0.03640588690937258,0.7142857142857143,0.06821480406386067,0.6000000000000001
pit_unet_v2,pit,prob,0.05,0.4,69,637,104,69,0.9855072463768116,1.0,0.10675039246467818,0.6634615384615384,0.19263456090651562,0.7976878612716763
pit_unet_v2,pit,prob,0.1,0.4,69,637,104,69,0.9855072463768116,1.0,0.10675039246467818,0.6634615384615384,0.19263456090651562,0.7976878612716763
pit_unet_v2,pit,prob,0.2,0.4,69,637,104,69,0.9855072463768116,1.0,0.10675039246467818,0.6634615384615384,0.19263456090651562,0.7976878612716763
pit_unet_v2,pit,prob,0.3,0.4,69,637,104,69,0.9710144927536232,1.0,0.10518053375196232,0.6634615384615384,0.18980169971671387,0.7976878612716763
pit_unet_v2,pit,prob,0.4,0.4,69,637,104,69,0.927536231884058,1.0,0.10047095761381476,0.6634615384615384,0.18130311614730876,0.7976878612716763
pit_unet_v2,pit,prob,0.5,0.4,69,637,104,66,0.8695652173913043,0.9565217391304348,0.09419152276295134,0.6346153846153846,0.16997167138810199,0.7630057803468209
pit_unet_v2,pit,prob,0.6,0.4,69,637,104,55,0.6956521739130435,0.7971014492753623,0.07535321821036106,0.5288461538461539,0.13597733711048157,0.6358381502890174
pit_unet_v2,pit,prob,0.7,0.4,69,637,104,38,0.5362318840579711,0.5507246376811594,0.058084772370486655,0.36538461538461536,0.10481586402266288,0.43930635838150284
pit_unet_v2,pit,prob,0.8,0.4,69,637,104,11,0.2028985507246377,0.15942028985507245,0.02197802197802198,0.10576923076923077,0.0396600566572238,0.12716763005780346
pit_unet_v2,pit,prob,0.9,0.4,69,637,104,1,0.0,0.014492753623188406,0.0,0.009615384615384616,0.0,0.011560693641618497
plat_unet,pad,prob,0.05,0.6,87,1222,129,79,0.9425287356321839,0.9080459770114943,0.06710310965630115,0.6124031007751938,0.1252864782276547,0.7314814814814815
plat_unet,pad,prob,0.1,0.6,87,1222,129,78,0.9425287356321839,0.896551724137931,0.06710310965630115,0.6046511627906976,0.1252864782276547,0.7222222222222221
plat_unet,pad,prob,0.2,0.6,87,1222,129,78,0.9425287356321839,0.896551724137931,0.06710310965630115,0.6046511627906976,0.1252864782276547,0.7222222222222221
plat_unet,pad,prob,0.3,0.6,87,1222,129,73,0.9310344827586207,0.8390804597701149,0.0662847790507365,0.5658914728682171,0.12375859434682963,0.6759259259259259
plat_unet,pad,prob,0.4,0.6,87,1222,129,67,0.896551724137931,0.7701149425287356,0.06382978723404255,0.5193798449612403,0.11917494270435446,0.6203703703703705
plat_unet,pad,prob,0.5,0.6,87,1222,129,59,0.7931034482758621,0.6781609195402298,0.05646481178396072,0.4573643410852713,0.10542398777692896,0.5462962962962963
plat_unet,pad,prob,0.6,0.6,87,1222,129,49,0.6436781609195402,0.5632183908045977,0.04582651391162029,0.3798449612403101,0.0855614973262032,0.4537037037037037
plat_unet,pad,prob,0.7,0.6,87,1222,129,33,0.3563218390804598,0.3793103448275862,0.02536824877250409,0.2558139534883721,0.04736440030557678,0.3055555555555556
plat_unet,pad,prob,0.8,0.6,87,1222,129,10,0.11494252873563218,0.11494252873563218,0.008183306055646482,0.07751937984496124,0.015278838808250574,0.09259259259259259
plat_unet,pad,prob,0.9,0.6,87,1222,129,0,0.011494252873563218,0.0,0.0008183306055646482,0.0,0.0015278838808250573,0.0
