filename,min_x,min_y,max_x,max_y,point_format
USGS_LPC_PA_WesternPA_2019_D20_17TPF604590.laz,604500.0,4590000.0,605999.99,4591499.99,6
USGS_LPC_PA_WesternPA_2019_D20_17TPF604591.laz,604500.0,4591500.0,605999.99,4592999.99,6
USGS_LPC_PA_WesternPA_2019_D20_17TPF604593.laz,604500.0,4593000.0,605999.99,4594499.99,6
USGS_LPC_PA_WesternPA_2019_D20_17TPF604594.laz,604500.0,4594500.0,605999.99,4595999.99,6
USGS_LPC_PA_WesternPA_2019_D20_17TPF604596.laz,604500.0,4596000.0,605999.99,4597499.99,6
USGS_LPC_PA_WesternPA_2019_D20_17TPF604597.laz,604500.0,4597500.0,605999.99,4598999.99,6
USGS_LPC_PA_WesternPA_2019_D20_17TPF604599.laz,604500.0,4599000.0,605999.99,4600499.99,6
USGS_LPC_PA_WesternPA_2019_D20_17TPF606590.laz,606000.0,4590000.0,607499.99,4591499.99,6
USGS_LPC_PA_WesternPA_2019_D20_17TPF606591.laz,606000.0,4591500.0,607499.99,4592999.99,6
USGS_LPC_PA_WesternPA_2019_D20_17TPF606593.laz,606000.0,4593000.0,607499.99,4594499.99,6
USGS_LPC_PA_WesternPA_2019_D20_17TPF606594.laz,606000.0,4594500.0,607499.99,4595999.99,6
USGS_LPC_PA_WesternPA_2019_D20_17TPF606596.laz,606000.0,4596000.0,607499.99,4597499.99,6
USGS_LPC_PA_WesternPA_2019_D20_17TPF606597.laz,606000.0,4597500.0,607499.99,4598999.99,6
USGS_LPC_PA_WesternPA_2019_D20_17TPF606599.laz,606000.0,4599000.0,607499.99,4600499.99,6
USGS_LPC_PA_WesternPA_2019_D20_17TPF607590.laz,607500.0,4590000.0,608999.99,4591499.99,6
USGS_LPC_PA_WesternPA_2019_D20_17TPF607591.laz,607500.0,4591500.0,608999.99,4592999.99,6
USGS_LPC_PA_WesternPA_2019_D20_17TPF607593.laz,607500.0,4593000.0,608999.99,4594499.99,6
USGS_LPC_PA_WesternPA_2019_D20_17TPF607594.laz,607500.0,4594500.0,608999.99,4595999.99,6
USGS_LPC_PA_WesternPA_2019_D20_17TPF607596.laz,607500.0,4596000.0,608999.99,4597499.99,6
USGS_LPC_PA_WesternPA_2019_D20_17TPF607597.laz,607500.0,4597500.0,608999.99,4598999.99,6
USGS_LPC_PA_WesternPA_2019_D20_17TPF607599.laz,607500.0,4599000.0,608999.99,4600499.99,6
USGS_LPC_PA_WesternPA_2019_D20_17TPF609590.laz,609000.0,4590000.0,610499.99,4591499.99,6
USGS_LPC_PA_WesternPA_2019_D20_17TPF609591.laz,609000.0,4591500.0,610499.99,4592999.99,6
USGS_LPC_PA_WesternPA_2019_D20_17TPF609593.laz,609000.0,4593000.0,610499.99,4594499.99,6
USGS_LPC_PA_WesternPA_2019_D20_17TPF609594.laz,609000.0,4594500.0,610499.99,4595999.99,6
USGS_LPC_PA_WesternPA_2019_D20_17TPF609596.laz,609000.0,4596000.0,610499.99,4597499.99,6
USGS_LPC_PA_WesternPA_2019_D20_17TPF609597.laz,609000.0,4597500.0,610499.99,4598999.99,6
USGS_LPC_PA_WesternPA_2019_D20_17TPF609599.laz,609000.0,4599000.0,610499.99,4600499.99,6
USGS_LPC_PA_WesternPA_2019_D20_17TPF610590.laz,610500.0,4590000.0,611999.99,4591499.99,6
USGS_LPC_PA_WesternPA_2019_D20_17TPF610591.laz,610500.0,4591500.0,611999.99,4592999.99,6
USGS_LPC_PA_WesternPA_2019_D20_17TPF610593.laz,610500.0,4593000.0,611999.99,4594499.99,6
USGS_LPC_PA_WesternPA_2019_D20_17TPF610594.laz,610500.0,4594500.0,611999.99,4595999.99,6
USGS_LPC_PA_WesternPA_2019_D20_17TPF610596.laz,610500.0,4596000.0,611999.99,4597499.99,6
USGS_LPC_PA_WesternPA_2019_D20_17TPF610597.laz,610500.0,4597500.0,611999.99,4598999.99,6
USGS_LPC_PA_WesternPA_2019_D20_17TPF610599.laz,610500.0,4599000.0,611999.99,4600499.99,6
USGS_LPC_PA_WesternPA_2019_D20_17TPF612590.laz,612000.0,4590000.0,613499.99,4591499.99,6
USGS_LPC_PA_WesternPA_2019_D20_17TPF612591.laz,612000.0,4591500.0,613499.99,4592999.99,6
USGS_LPC_PA_WesternPA_2019_D20_17TPF612593.laz,612000.0,4593000.0,613499.99,4594499.99,6
USGS_LPC_PA_WesternPA_2019_D20_17TPF612594.laz,612000.0,4594500.0,613499.99,4595999.99,6
USGS_LPC_PA_WesternPA_2019_D20_17TPF612596.laz,612000.0,4596000.0,613499.99,4597499.99,6
USGS_LPC_PA_WesternPA_2019_D20_17TPF612597.laz,612000.0,4597500.0,613499.99,4598999.99,6
USGS_LPC_PA_WesternPA_2019_D20_17TPF612599.laz,612000.0,4599000.0,613499.99,4600499.99,6
USGS_LPC_PA_WesternPA_2019_D20_17TPF613590.laz,613500.0,4590000.0,614999.99,4591499.99,6
USGS_LPC_PA_WesternPA_2019_D20_17TPF613591.laz,613500.0,4591500.0,614999.99,4592999.99,6
USGS_LPC_PA_WesternPA_2019_D20_17TPF613593.laz,613500.0,4593000.0,614999.99,4594499.99,6
USGS_LPC_PA_WesternPA_2019_D20_17TPF613594.laz,613500.0,4594500.0,614999.99,4595999.99,6
USGS_LPC_PA_WesternPA_2019_D20_17TPF613596.laz,613500.0,4596000.0,614999.99,4597499.99,6
USGS_LPC_PA_WesternPA_2019_D20_17TPF613597.laz,613500.0,4597500.0,614999.99,4598999.99,6
USGS_LPC_PA_WesternPA_2019_D20_17TPF613599.laz,613500.0,4599000.0,614999.99,4600499.99,6
USGS_LPC_PA_WesternPA_2019_D20_17TPF615590.laz,615000.0,4590000.0,616499.99,4591499.99,6
USGS_LPC_PA_WesternPA_2019_D20_17TPF615591.laz,615000.0,4591500.0,616499.99,4592999.99,6
USGS_LPC_PA_WesternPA_2019_D20_17TPF615593.laz,615000.0,4593000.0,616499.99,4594499.99,6
USGS_LPC_PA_WesternPA_2019_D20_17TPF615594.laz,615000.0,4594500.0,616499.99,4595999.99,6
USGS_LPC_PA_WesternPA_2019_D20_17TPF615596.laz,615000.0,4596000.0,616499.99,4597499.99,6
USGS_LPC_PA_WesternPA_2019_D20_17TPF615597.laz,615000.0,4597500.0,616499.99,4598999.99,6
USGS_LPC_PA_WesternPA_2019_D20_17TPF615599.laz,615000.0,4599000.0,616499.99,4600499.99,6
USGS_LPC_PA_WesternPA_2019_D20_17TPF616591.laz,616500.0,4591500.0,617999.99,4592999.99,6
USGS_LPC_PA_WesternPA_2019_D20_17TPF616593.laz,616500.0,4593000.0,617999.99,4594499.99,6
USGS_LPC_PA_WesternPA_2019_D20_17TPF616594.laz,616500.0,4594500.0,617999.99,4595999.99,6
USGS_LPC_PA_WesternPA_2019_D20_17TPF616596.laz,616500.0,4596000.0,617999.99,4597499.99,6
USGS_LPC_PA_WesternPA_2019_D20_17TPF616597.laz,616500.0,4597500.0,617999.99,4598999.99,6
USGS_LPC_PA_WesternPA_2019_D20_17TPF616599.laz,616500.0,4599000.0,617999.99,4600499.99,6
USGS_LPC_PA_WesternPA_2019_D20_17TPF618591.laz,618000.0,4591500.0,619499.99,4592999.99,6
USGS_LPC_PA_WesternPA_2019_D20_17TPF618593.laz,618000.0,4593000.0,619499.99,4594499.99,6
USGS_LPC_PA_WesternPA_2019_D20_17TPF618594.laz,618000.0,4594500.0,619499.99,4595999.99,6
USGS_LPC_PA_WesternPA_2019_D20_17TPF618596.laz,618000.0,4596000.0,619499.99,4597499.99,6
USGS_LPC_PA_WesternPA_2019_D20_17TPF618597.laz,618000.0,4597500.0,619499.99,4598999.99,6
USGS_LPC_PA_WesternPA_2019_D20_17TPF618599.laz,618000.0,4599000.0,619499.99,4600499.99,6
USGS_LPC_PA_WesternPA_2019_D20_17TPF619591.laz,619500.0,4591500.0,620999.99,4592999.99,6
USGS_LPC_PA_WesternPA_2019_D20_17TPF619593.laz,619500.0,4593000.0,620999.99,4594499.99,6
USGS_LPC_PA_WesternPA_2019_D20_17TPF619594.laz,619500.0,4594500.0,620999.99,4595999.99,6
USGS_LPC_PA_WesternPA_2019_D20_17TPF619596.laz,619500.0,4596000.0,620999.99,4597499.99,6
USGS_LPC_PA_WesternPA_2019_D20_17TPF619597.laz,619500.0,4597500.0,620999.99,4598999.99,6
USGS_LPC_PA_WesternPA_2019_D20_17TPF619599.laz,619500.0,4599000.0,620999.99,4600499.99,6
USGS_LPC_PA_WesternPA_2019_D20_17TPF621591.laz,621000.0,4591500.0,622499.99,4592999.99,6
USGS_LPC_PA_WesternPA_2019_D20_17TPF621593.laz,621000.0,4593000.0,622499.99,4594499.99,6
USGS_LPC_PA_WesternPA_2019_D20_17TPF621594.laz,621000.0,4594500.0,622499.99,4595999.99,6
USGS_LPC_PA_WesternPA_2019_D20_17TPF621596.laz,621000.0,4596000.0,622499.99,4597499.99,6
USGS_LPC_PA_WesternPA_2019_D20_17TPF621597.laz,621000.0,4597500.0,622499.99,4598999.99,6
USGS_LPC_PA_WesternPA_2019_D20_17TPF621599.laz,621000.0,4599000.0,622499.99,4600499.99,6
USGS_LPC_PA_WesternPA_2019_D20_17TPF622591.laz,622500.0,4591500.0,623999.99,4592999.99,6
USGS_LPC_PA_WesternPA_2019_D20_17TPF622593.laz,622500.0,4593000.0,623999.99,4594499.99,6
USGS_LPC_PA_WesternPA_2019_D20_17TPF622594.laz,622500.0,4594500.0,623999.99,4595999.99,6
USGS_LPC_PA_WesternPA_2019_D20_17TPF622596.laz,622500.0,4596000.0,623999.99,4597499.99,6
USGS_LPC_PA_WesternPA_2019_D20_17TPF622597.laz,622500.0,4597500.0,623999.99,4598999.99,6
USGS_LPC_PA_WesternPA_2019_D20_17TPF622599.laz,622500.0,4599000.0,623999.99,4600499.99,6
USGS_LPC_PA_WesternPA_2019_D20_17TPF624591.laz,624000.0,4591500.0,625499.99,4592999.99,6
USGS_LPC_PA_WesternPA_2019_D20_17TPF624593.laz,624000.0,4593000.0,625499.99,4594499.99,6
USGS_LPC_PA_WesternPA_2019_D20_17TPF624594.laz,624000.0,4594500.0,625499.99,4595999.99,6
USGS_LPC_PA_WesternPA_2019_D20_17TPF624596.laz,624000.0,4596000.0,625499.99,4597499.99,6
USGS_LPC_PA_WesternPA_2019_D20_17TPF624597.laz,624000.0,4597500.0,625499.99,4598999.99,6
USGS_LPC_PA_WesternPA_2019_D20_17TPF624599.laz,624000.0,4599000.0,625499.99,4600499.99,6
USGS_LPC_PA_WesternPA_2019_D20_17TPG604600.laz,604500.0,4600500.0,605999.99,4601999.99,6
USGS_LPC_PA_WesternPA_2019_D20_17TPG604602.laz,604500.0,4602000.0,605999.99,4603499.99,6
USGS_LPC_PA_WesternPA_2019_D20_17TPG604603.laz,604500.0,4603500.0,605999.99,4604999.99,6
USGS_LPC_PA_WesternPA_2019_D20_17TPG604605.laz,604500.0,4605000.0,605999.99,4606499.99,6
USGS_LPC_PA_WesternPA_2019_D20_17TPG604606.laz,604500.0,4606500.0,605999.99,4607999.99,6
USGS_LPC_PA_WesternPA_2019_D20_17TPG604608.laz,604500.0,4608000.0,605999.99,4609499.99,6
USGS_LPC_PA_WesternPA_2019_D20_17TPG606600.laz,606000.0,4600500.0,607499.99,4601999.99,6
USGS_LPC_PA_WesternPA_2019_D20_17TPG606602.laz,606000.0,4602000.0,607499.99,4603499.99,6
USGS_LPC_PA_WesternPA_2019_D20_17TPG606603.laz,606000.0,4603500.0,607499.99,4604999.99,6
USGS_LPC_PA_WesternPA_2019_D20_17TPG606605.laz,606000.0,4605000.0,607499.99,4606499.99,6
USGS_LPC_PA_WesternPA_2019_D20_17TPG606606.laz,606000.0,4606500.0,607499.99,4607999.99,6
USGS_LPC_PA_WesternPA_2019_D20_17TPG606608.laz,606000.0,4608000.0,607499.99,4609499.99,6
USGS_LPC_PA_WesternPA_2019_D20_17TPG607600.laz,607500.0,4600500.0,608999.99,4601999.99,6
USGS_LPC_PA_WesternPA_2019_D20_17TPG607602.laz,607500.0,4602000.0,608999.99,4603499.99,6
USGS_LPC_PA_WesternPA_2019_D20_17TPG607603.laz,607500.0,4603500.0,608999.99,4604999.99,6
USGS_LPC_PA_WesternPA_2019_D20_17TPG607605.laz,607500.0,4605000.0,608999.99,4606499.99,6
USGS_LPC_PA_WesternPA_2019_D20_17TPG607606.laz,607500.0,4606500.0,608999.99,4607999.99,6
USGS_LPC_PA_WesternPA_2019_D20_17TPG607608.laz,607500.0,4608000.0,608999.99,4609499.99,6
USGS_LPC_PA_WesternPA_2019_D20_17TPG609600.laz,609000.0,4600500.0,610499.99,4601999.99,6
USGS_LPC_PA_WesternPA_2019_D20_17TPG609602.laz,609000.0,4602000.0,610499.99,4603499.99,6
USGS_LPC_PA_WesternPA_2019_D20_17TPG609603.laz,609000.0,4603500.0,610499.99,4604999.99,6
USGS_LPC_PA_WesternPA_2019_D20_17TPG609605.laz,609000.0,4605000.0,610499.99,4606499.99,6
USGS_LPC_PA_WesternPA_2019_D20_17TPG609606.laz,609000.0,4606500.0,610499.99,4607999.99,6
USGS_LPC_PA_WesternPA_2019_D20_17TPG609608.laz,609000.0,4608000.0,610499.99,4609499.99,6
USGS_LPC_PA_WesternPA_2019_D20_17TPG610600.laz,610500.0,4600500.0,611999.99,4601999.99,6
USGS_LPC_PA_WesternPA_2019_D20_17TPG610602.laz,610500.0,4602000.0,611999.99,4603499.99,6
USGS_LPC_PA_WesternPA_2019_D20_17TPG610603.laz,610500.0,4603500.0,611999.99,4604999.99,6
USGS_LPC_PA_WesternPA_2019_D20_17TPG610605.laz,610500.0,4605000.0,611999.99,4606499.99,6
USGS_LPC_PA_WesternPA_2019_D20_17TPG610606.laz,610500.0,4606500.0,611999.99,4607999.99,6
USGS_LPC_PA_WesternPA_2019_D20_17TPG610608.laz,610500.0,4608000.0,611999.99,4609499.99,6
USGS_LPC_PA_WesternPA_2019_D20_17TPG612600.laz,612000.0,4600500.0,613499.99,4601999.99,6
USGS_LPC_PA_WesternPA_2019_D20_17TPG612602.laz,612000.0,4602000.0,613499.99,4603499.99,6
USGS_LPC_PA_WesternPA_2019_D20_17TPG612603.laz,612000.0,4603500.0,613499.99,4604999.99,6
USGS_LPC_PA_WesternPA_2019_D20_17TPG612605.laz,612000.0,4605000.0,613499.99,4606499.99,6
USGS_LPC_PA_WesternPA_2019_D20_17TPG612606.laz,612000.0,4606500.0,613499.99,4607999.99,6
USGS_LPC_PA_WesternPA_2019_D20_17TPG612608.laz,612000.0,4608000.0,613499.99,4609499.99,6
USGS_LPC_PA_WesternPA_2019_D20_17TPG613600.laz,613500.0,4600500.0,614999.99,4601999.99,6
USGS_LPC_PA_WesternPA_2019_D20_17TPG613602.laz,613500.0,4602000.0,614999.99,4603499.99,6
USGS_LPC_PA_WesternPA_2019_D20_17TPG613603.laz,613500.0,4603500.0,614999.99,4604999.99,6
USGS_LPC_PA_WesternPA_2019_D20_17TPG613605.laz,613500.0,4605000.0,614999.99,4606499.99,6
USGS_LPC_PA_WesternPA_2019_D20_17TPG613606.laz,613500.0,4606500.0,614999.99,4607999.99,6
USGS_LPC_PA_WesternPA_2019_D20_17TPG613608.laz,613500.0,4608000.0,614999.99,4609499.99,6
USGS_LPC_PA_WesternPA_2019_D20_17TPG615600.laz,615000.0,4600500.0,616499.99,4601999.99,6
USGS_LPC_PA_WesternPA_2019_D20_17TPG615602.laz,615000.0,4602000.0,616499.99,4603499.99,6
USGS_LPC_PA_WesternPA_2019_D20_17TPG615603.laz,615000.0,4603500.0,616499.99,4604999.99,6
USGS_LPC_PA_WesternPA_2019_D20_17TPG615605.laz,615000.0,4605000.0,616499.99,4606499.99,6
USGS_LPC_PA_WesternPA_2019_D20_17TPG615606.laz,615000.0,4606500.0,616499.99,4607999.99,6
USGS_LPC_PA_WesternPA_2019_D20_17TPG615608.laz,615000.0,4608000.0,616499.99,4609499.99,6
USGS_LPC_PA_WesternPA_2019_D20_17TPG616600.laz,616500.0,4600500.0,617999.99,4601999.99,6
USGS_LPC_PA_WesternPA_2019_D20_17TPG616602.laz,616500.0,4602000.0,617999.99,4603499.99,6
USGS_LPC_PA_WesternPA_2019_D20_17TPG616603.laz,616500.0,4603500.0,617999.99,4604999.99,6
USGS_LPC_PA_WesternPA_2019_D20_17TPG616605.laz,616500.0,4605000.0,617999.99,4606499.99,6
USGS_LPC_PA_WesternPA_2019_D20_17TPG616606.laz,616500.0,4606500.0,617999.99,4607999.99,6
USGS_LPC_PA_WesternPA_2019_D20_17TPG616608.laz,616500.0,4608000.0,617999.99,4609499.99,6
USGS_LPC_PA_WesternPA_2019_D20_17TPG618600.laz,618000.0,4600500.0,619499.99,4601999.99,6
USGS_LPC_PA_WesternPA_2019_D20_17TPG618602.laz,618000.0,4602000.0,619499.99,4603499.99,6
USGS_LPC_PA_WesternPA_2019_D20_17TPG618603.laz,618000.0,4603500.0,619499.99,4604999.99,6
USGS_LPC_PA_WesternPA_2019_D20_17TPG618605.laz,618000.0,4605000.0,619499.99,4606499.99,6
USGS_LPC_PA_WesternPA_2019_D20_17TPG618606.laz,618000.0,4606500.0,619499.99,4607999.99,6
USGS_LPC_PA_WesternPA_2019_D20_17TPG618608.laz,618000.0,4608000.0,619499.99,4609499.99,6
USGS_LPC_PA_WesternPA_2019_D20_17TPG619600.laz,619500.0,4600500.0,620999.99,4601999.99,6
USGS_LPC_PA_WesternPA_2019_D20_17TPG619602.laz,619500.0,4602000.0,620999.99,4603499.99,6
USGS_LPC_PA_WesternPA_2019_D20_17TPG619603.laz,619500.0,4603500.0,620999.99,4604999.99,6
USGS_LPC_PA_WesternPA_2019_D20_17TPG619605.laz,619500.0,4605000.0,620999.99,4606499.99,6
USGS_LPC_PA_WesternPA_2019_D20_17TPG619606.laz,619500.0,4606500.0,620999.99,4607999.99,6
USGS_LPC_PA_WesternPA_2019_D20_17TPG619608.laz,619500.0,4608000.0,620999.99,4609499.99,6
USGS_LPC_PA_WesternPA_2019_D20_17TPG621600.laz,621000.0,4600500.0,622499.99,4601999.99,6
USGS_LPC_PA_WesternPA_2019_D20_17TPG621602.laz,621000.0,4602000.0,622499.99,4603499.99,6
USGS_LPC_PA_WesternPA_2019_D20_17TPG621603.laz,621000.0,4603500.0,622499.99,4604999.99,6
USGS_LPC_PA_WesternPA_2019_D20_17TPG621605.laz,621000.0,4605000.0,622499.99,4606499.99,6
USGS_LPC_PA_WesternPA_2019_D20_17TPG621606.laz,621000.0,4606500.0,622499.99,4607999.99,6
USGS_LPC_PA_WesternPA_2019_D20_17TPG621608.laz,621000.0,4608000.0,622499.99,4609499.99,6
USGS_LPC_PA_WesternPA_2019_D20_17TPG622600.laz,622500.0,4600500.0,623999.99,4601999.99,6
USGS_LPC_PA_WesternPA_2019_D20_17TPG622602.laz,622500.0,4602000.0,623999.99,4603499.99,6
USGS_LPC_PA_WesternPA_2019_D20_17TPG622603.laz,622500.0,4603500.0,623999.99,4604999.99,6
USGS_LPC_PA_WesternPA_2019_D20_17TPG622605.laz,622500.0,4605000.0,623999.99,4606499.99,6
USGS_LPC_PA_WesternPA_2019_D20_17TPG622606.laz,622500.0,4606500.0,623999.99,4607999.99,6
USGS_LPC_PA_WesternPA_2019_D20_17TPG622608.laz,622500.0,4608000.0,623999.99,4609499.99,6
USGS_LPC_PA_WesternPA_2019_D20_17TPG624600.laz,624000.0,4600500.0,625499.99,4601999.99,6
USGS_LPC_PA_WesternPA_2019_D20_17TPG624602.laz,624000.0,4602000.0,625499.99,4603499.99,6
USGS_LPC_PA_WesternPA_2019_D20_17TPG624603.laz,624000.0,4603500.0,625499.99,4604999.99,6
USGS_LPC_PA_WesternPA_2019_D20_17TPG624605.laz,624000.0,4605000.0,625499.99,4606499.99,6
USGS_LPC_PA_WesternPA_2019_D20_17TPG624606.laz,624000.0,4606500.0,625499.99,4607999.99,6
USGS_LPC_PA_WesternPA_2019_D20_17TPG624608.laz,624000.0,4608000.0,625499.99,4609499.99,6
