OBJECTID,Well_ident,State,County,Well_name,Well_numbe,Type,Status,Latitude,Longitude,Prime_meri,Township,T_dir,Range,R_dir,Section,Qtr,Qtr_qtr,Qtr_qtr_qt,Source,Data_file_date,Well_info,Location_n,Other_note,x,y
99418,API:37121205550000,Pennsylvania,Venango,MC CALMONT 14Q(T),,,Orphan,41.504130000000004,-79.544431000000003,,0,,0,,0,,,,Pennsylvania Department of Environmental Protection,5/9/2022,,Municipality: Allegheny Twp,,-79.544430999590901,41.504129999699799
99628,API:37121219230000,Pennsylvania,Venango,WOIDECK 6Q,,,Orphan,41.501106000000000,-79.532623999999998,,0,,0,,0,,,,Pennsylvania Department of Environmental Protection,5/9/2022,,Municipality: President Twp,,-79.532624000097499,41.501105999642199
99629,API:37121219240000,Pennsylvania,Venango,WOIDECK 7Q,,,Orphan,41.499783000000001,-79.532623999999998,,0,,0,,0,,,,Pennsylvania Department of Environmental Protection,5/9/2022,,Municipality: President Twp,,-79.532624000097499,41.499782999785701
99630,API:37121219250000,Pennsylvania,Venango,WOIDECK 8Q,,,Orphan,41.496955999999997,-79.533169999999998,,0,,0,,0,,,,Pennsylvania Department of Environmental Protection,5/9/2022,,Municipality: President Twp,,-79.533170000095396,41.496955999819598
99632,API:37121219270000,Pennsylvania,Venango,WOIDECK 10Q,,,Orphan,41.494292999999999,-79.533533000000006,,0,,0,,0,,,,Pennsylvania Department of Environmental Protection,5/9/2022,,Municipality: President Twp,,-79.533532999748104,41.494293000221802
99643,API:37121220250000,Pennsylvania,Venango,WOIDECK 50Q,,,Orphan,41.500055000000003,-79.537187000000003,,0,,0,,0,,,,Pennsylvania Department of Environmental Protection,5/9/2022,,Municipality: President Twp,,-79.537187000079896,41.500054999738502
99644,API:37121220260000,Pennsylvania,Venango,WOIDECK 51Q,,,Orphan,41.500056999999998,-79.534083999999993,,0,,0,,0,,,,Pennsylvania Department of Environmental Protection,5/9/2022,,Municipality: President Twp,,-79.534083999976602,41.500056999830697
99645,API:37121220270000,Pennsylvania,Venango,WOIDECK 52Q,,,Orphan,41.501652999999997,-79.539012999999997,,0,,0,,0,,,,Pennsylvania Department of Environmental Protection,5/9/2022,,Municipality: President Twp,,-79.539012999750099,41.501652999686300
99646,API:37121220280000,Pennsylvania,Venango,WOIDECK 53Q,,,Orphan,41.501790999999997,-79.535728000000006,,0,,0,,0,,,,Pennsylvania Department of Environmental Protection,5/9/2022,,Municipality: President Twp,,-79.535728000247005,41.501790999754903
99668,API:37121220530000,Pennsylvania,Venango,WOIDECK 36Q,,,Orphan,41.493194000000003,-79.539007999999995,,0,,0,,0,,,,Pennsylvania Department of Environmental Protection,5/9/2022,,Municipality: President Twp,,-79.539008000418804,41.493193999903198
99669,API:37121220540000,Pennsylvania,Venango,WOIDECK 37Q,,,Orphan,41.493057999999998,-79.536270000000002,,0,,0,,0,,,,Pennsylvania Department of Environmental Protection,5/9/2022,,Municipality: President Twp,,-79.536270000060398,41.493057999926798
99670,API:37121220550000,Pennsylvania,Venango,WOIDECK 38Q,,,Orphan,41.494154999999999,-79.537730999999994,,0,,0,,0,,,,Pennsylvania Department of Environmental Protection,5/9/2022,,Municipality: President Twp,,-79.537730999985598,41.494155000153199
99671,API:37121220560000,Pennsylvania,Venango,WOIDECK 39Q,,,Orphan,41.494155999999997,-79.534262999999996,,0,,0,,0,,,,Pennsylvania Department of Environmental Protection,5/9/2022,,Municipality: President Twp,,-79.534263000137301,41.494156000199297
99672,API:37121220570000,Pennsylvania,Venango,WOIDECK 40Q,,,Orphan,41.495527000000003,-79.539008999999993,,0,,0,,0,,,,Pennsylvania Department of Environmental Protection,5/9/2022,,Municipality: President Twp,,-79.539008999565596,41.495526999571403
99673,API:37121220580000,Pennsylvania,Venango,WOIDECK 41Q,,,Orphan,41.495398000000002,-79.534441000000001,,0,,0,,0,,,,Pennsylvania Department of Environmental Protection,5/9/2022,,Municipality: President Twp,,-79.534441000251903,41.495397999917799
99674,API:37121220590000,Pennsylvania,Venango,WOIDECK 42Q,,,Orphan,41.496761999999997,-79.537549999999996,,0,,0,,0,,,,Pennsylvania Department of Environmental Protection,5/9/2022,,Municipality: President Twp,,-79.537549999732704,41.496761999866500
99675,API:37121220610000,Pennsylvania,Venango,WOIDECK 44Q,,,Orphan,41.497585000000001,-79.539376000000004,,0,,0,,0,,,,Pennsylvania Department of Environmental Protection,5/9/2022,,Municipality: President Twp,,-79.539376000302099,41.497585000047799
99676,API:37121220620000,Pennsylvania,Venango,WOIDECK 45Q,,,Orphan,41.497585999999998,-79.535908000000006,,0,,0,,0,,,,Pennsylvania Department of Environmental Protection,5/9/2022,,Municipality: President Twp,,-79.535907999554496,41.497586000093897
99677,API:37121220630000,Pennsylvania,Venango,WOIDECK 46Q,,,Orphan,41.498820000000002,-79.537550999999993,,0,,0,,0,,,,Pennsylvania Department of Environmental Protection,5/9/2022,,Municipality: President Twp,,-79.537550999778801,41.498820000342803
99678,API:37121220640000,Pennsylvania,Venango,WOIDECK 47Q,,,Orphan,41.498683999999997,-79.534447999999998,,0,,0,,0,,,,Pennsylvania Department of Environmental Protection,5/9/2022,,Municipality: President Twp,,-79.534447999675393,41.498684000366403
99679,API:37121220650000,Pennsylvania,Venango,WOIDECK 48Q,,,Orphan,41.499918000000001,-79.539195000000007,,0,,0,,0,,,,Pennsylvania Department of Environmental Protection,5/9/2022,,Municipality: President Twp,,-79.539195000049205,41.499917999715997
99680,API:37121220660000,Pennsylvania,Venango,WOIDECK 49Q,,,Orphan,41.499918999999998,-79.536091999999996,,0,,0,,0,,,,Pennsylvania Department of Environmental Protection,5/9/2022,,Municipality: President Twp,,-79.536091999945796,41.499918999762102
100157,API:37121249850000,Pennsylvania,Venango,WOIDECK 119Q,,,Orphan,41.493743000000002,-79.538460999999998,,0,,0,,0,,,,Pennsylvania Department of Environmental Protection,5/9/2022,,Municipality: President Twp,,-79.538461000374795,41.493743000039501
100158,API:37121249860000,Pennsylvania,Venango,WOIDECK 120Q,,,Orphan,41.494017999999997,-79.535176000000007,,0,,0,,0,,,,Pennsylvania Department of Environmental Protection,5/9/2022,,Municipality: President Twp,,-79.535175999972395,41.494018000130701
100391,API:37121265040000,Pennsylvania,Venango,EICHE DEAN 60Q,,,Orphan,41.494537000000001,-79.549404999999993,,0,,0,,0,,,,Pennsylvania Department of Environmental Protection,5/9/2022,,Municipality: President Twp,,-79.549404999640998,41.494536999782802
100392,API:37121265050000,Pennsylvania,Venango,EICHE DEAN 61Q,,,Orphan,41.496811999999998,-79.549098999999998,,0,,0,,0,,,,Pennsylvania Department of Environmental Protection,5/9/2022,,Municipality: President Twp,,-79.549098999918897,41.496812000373602
100393,API:37121265060000,Pennsylvania,Venango,EICHE DEAN 62Q,,,Orphan,41.499322999999997,-79.549082999999996,,0,,0,,0,,,,Pennsylvania Department of Environmental Protection,5/9/2022,,Municipality: President Twp,,-79.549083000080401,41.499323000156402
100394,API:37121265070000,Pennsylvania,Venango,EICHE DEAN 63Q,,,Orphan,41.501573000000000,-79.549229999999994,,0,,0,,0,,,,Pennsylvania Department of Environmental Protection,5/9/2022,,Municipality: President Twp,,-79.549229999664703,41.501572999594302
100395,API:37121265080000,Pennsylvania,Venango,EICHE DEAN 64Q,,,Orphan,41.503956000000002,-79.549329999999998,,0,,0,,0,,,,Pennsylvania Department of Environmental Protection,5/9/2022,,Municipality: President Twp,,-79.549329999779602,41.503955999769602
100396,API:37121265090000,Pennsylvania,Venango,EICHE DEAN 65Q,,,Orphan,41.502580999999999,-79.548005000000003,,0,,0,,0,,,,Pennsylvania Department of Environmental Protection,5/9/2022,,Municipality: President Twp,,-79.548004999830795,41.502581000213098
100397,API:37121265100000,Pennsylvania,Venango,EICHE DEAN 66Q,,,Orphan,41.500342000000003,-79.547505000000001,,0,,0,,0,,,,Pennsylvania Department of Environmental Protection,5/9/2022,,Municipality: President Twp,,-79.547505000155596,41.500342000383100
100398,API:37121265110000,Pennsylvania,Venango,EICHE DEAN 67Q,,,Orphan,41.498030999999997,-79.547852000000006,,0,,0,,0,,,,Pennsylvania Department of Environmental Protection,5/9/2022,,Municipality: President Twp,,-79.547851999969794,41.498030999930698
100399,API:37121265130000,Pennsylvania,Venango,EICHE DEAN 69Q,,,Orphan,41.493541999999998,-79.547462999999993,,0,,0,,0,,,,Pennsylvania Department of Environmental Protection,5/9/2022,,Municipality: President Twp,,-79.547463000017402,41.493541999763501
100401,API:37121265150000,Pennsylvania,Venango,EICHE DEAN 71Q,,,Orphan,41.494636999999997,-79.545991000000001,,0,,0,,0,,,,Pennsylvania Department of Environmental Protection,5/9/2022,,Municipality: President Twp,,-79.545990999584902,41.494636999897700
100402,API:37121265160000,Pennsylvania,Venango,EICHE DEAN 72Q,,,Orphan,41.497155999999997,-79.546246999999994,,0,,0,,0,,,,Pennsylvania Department of Environmental Protection,5/9/2022,,Municipality: President Twp,,-79.546246999699207,41.497156000049401
100403,API:37121265170000,Pennsylvania,Venango,EICHE DEAN 73Q,,,Orphan,41.499164999999998,-79.546257999999995,,0,,0,,0,,,,Pennsylvania Department of Environmental Protection,5/9/2022,,Municipality: President Twp,,-79.546258000206507,41.499165000064700
100404,API:37121265180000,Pennsylvania,Venango,EICHE DEAN 74Q,,,Orphan,41.501645000000003,-79.546327000000005,,0,,0,,0,,,,Pennsylvania Department of Environmental Protection,5/9/2022,,Municipality: President Twp,,-79.546326999791205,41.501645000216598
100405,API:37121265190000,Pennsylvania,Venango,EICHE DEAN 75Q,,,Orphan,41.504198000000002,-79.546372000000005,,0,,0,,0,,,,Pennsylvania Department of Environmental Protection,5/9/2022,,Municipality: President Twp,,-79.546372000067706,41.504198000137599
100406,API:37121265200000,Pennsylvania,Venango,EICHE DEAN 76Q,,,Orphan,41.502744999999997,-79.544808000000003,,0,,0,,0,,,,Pennsylvania Department of Environmental Protection,5/9/2022,,Municipality: President Twp,,-79.544807999889301,41.502744999682001
100407,API:37121265210000,Pennsylvania,Venango,EICHE DEAN 77Q,,,Orphan,41.500542000000003,-79.544445999999994,,0,,0,,0,,,,Pennsylvania Department of Environmental Protection,5/9/2022,,Municipality: President Twp,,-79.544446000282704,41.500541999713597
100408,API:37121265220000,Pennsylvania,Venango,EICHE DEAN 78Q,,,Orphan,41.497878000000000,-79.544551999999996,,0,,0,,0,,,,Pennsylvania Department of Environmental Protection,5/9/2022,,Municipality: President Twp,,-79.544551999774896,41.497878000069697
100409,API:37121265230000,Pennsylvania,Venango,EICHE DEAN 79Q,,,Orphan,41.495919999999998,-79.544447000000005,,0,,0,,0,,,,Pennsylvania Department of Environmental Protection,5/9/2022,,Municipality: President Twp,,-79.544447000328802,41.495919999708299
100411,API:37121265260000,Pennsylvania,Venango,EICHE DEAN 82Q,,,Orphan,41.494658999999999,-79.542912999999999,,0,,0,,0,,,,Pennsylvania Department of Environmental Protection,5/9/2022,,Municipality: President Twp,,-79.542912999735094,41.494659000012902
100412,API:37121265270000,Pennsylvania,Venango,EICHE DEAN 83Q,,,Orphan,41.496944999999997,-79.542721000000000,,0,,0,,0,,,,Pennsylvania Department of Environmental Protection,5/9/2022,,Municipality: President Twp,,-79.542720999874206,41.496945000211703
100413,API:37121265280000,Pennsylvania,Venango,EICHE DEAN 84Q,,,Orphan,41.499406000000000,-79.542933000000005,,0,,0,,0,,,,Pennsylvania Department of Environmental Protection,5/9/2022,,Municipality: President Twp,,-79.542932999758094,41.499406000386699
100414,API:37121265300000,Pennsylvania,Venango,EICHE DEAN 86Q,,,Orphan,41.503802999999998,-79.543244000000001,,0,,0,,0,,,,Pennsylvania Department of Environmental Protection,5/9/2022,,Municipality: President Twp,,-79.543243999710796,41.503802999908501
100415,API:37121265310000,Pennsylvania,Venango,EICHE DEAN 87Q,,,Orphan,41.502687000000002,-79.541730000000001,,0,,0,,0,,,,Pennsylvania Department of Environmental Protection,5/9/2022,,Municipality: President Twp,,-79.541730000039394,41.502686999705297
100416,API:37121265320000,Pennsylvania,Venango,EICHE DEAN 88Q,,,Orphan,41.500531000000002,-79.541595999999998,,0,,0,,0,,,,Pennsylvania Department of Environmental Protection,5/9/2022,,Municipality: President Twp,,-79.541596000155295,41.500531000105603
100417,API:37121265330000,Pennsylvania,Venango,EICHE DEAN 89Q,,,Orphan,41.498216999999997,-79.541315999999995,,0,,0,,0,,,,Pennsylvania Department of Environmental Protection,5/9/2022,,Municipality: President Twp,,-79.541315999833500,41.498217000414300
100418,API:37121265340000,Pennsylvania,Venango,EICHE DEAN 90Q,,,Orphan,41.496175999999998,-79.541499000000002,,0,,0,,0,,,,Pennsylvania Department of Environmental Protection,5/9/2022,,Municipality: President Twp,,-79.541499000178703,41.496175999822597
100419,API:37121265350000,Pennsylvania,Venango,EICHE DEAN 91Q,,,Orphan,41.493492000000003,-79.541380000000004,,0,,0,,0,,,,Pennsylvania Department of Environmental Protection,5/9/2022,,Municipality: President Twp,,-79.541380000086903,41.493492000155797
100420,API:37121265370000,Pennsylvania,Venango,EICHE DEAN 93Q,,,Orphan,41.494669999999999,-79.539931999999993,,0,,0,,0,,,,Pennsylvania Department of Environmental Protection,5/9/2022,,Municipality: President Twp,,-79.539931999861906,41.494669999620797
100421,API:37121265380000,Pennsylvania,Venango,EICHE DEAN 94Q,,,Orphan,41.497165000000003,-79.539929999999998,,0,,0,,0,,,,Pennsylvania Department of Environmental Protection,5/9/2022,,Municipality: President Twp,,-79.539929999769598,41.497164999565101
100422,API:37121265390000,Pennsylvania,Venango,EICHE DEAN 95Q,,,Orphan,41.499758999999997,-79.539927000000006,,0,,0,,0,,,,Pennsylvania Department of Environmental Protection,5/9/2022,,Municipality: President Twp,,-79.539926999631305,41.499758999578198
100423,API:37121265400000,Pennsylvania,Venango,EICHE DEAN 96Q,,,Orphan,41.501503000000000,-79.540284999999997,,0,,0,,0,,,,Pennsylvania Department of Environmental Protection,5/9/2022,,Municipality: President Twp,,-79.540284999952704,41.501502999963499
100424,API:37121265410000,Pennsylvania,Venango,EICHE DEAN 97Q,,,Orphan,41.503964000000003,-79.540180000000007,,0,,0,,0,,,,Pennsylvania Department of Environmental Protection,5/9/2022,,Municipality: President Twp,,-79.540179999607204,41.503964000138502
100425,API:37121265420000,Pennsylvania,Venango,EICHE DEAN 98Q,,,Orphan,41.502751000000004,-79.538820999999999,,0,,0,,0,,,,Pennsylvania Department of Environmental Protection,5/9/2022,,Municipality: President Twp,,-79.538820999889197,41.502750999958700
100426,API:37121265430000,Pennsylvania,Venango,EICHE DEAN 101Q,,,Orphan,41.500509000000001,-79.538807000000006,,0,,0,,0,,,,Pennsylvania Department of Environmental Protection,5/9/2022,,Municipality: President Twp,,-79.538807000142896,41.500508999990402
100427,API:37121265440000,Pennsylvania,Venango,EICHE DEAN 102Q,,,Orphan,41.498209000000003,-79.538824000000005,,0,,0,,0,,,,Pennsylvania Department of Environmental Protection,5/9/2022,,Municipality: President Twp,,-79.538824000027503,41.498209000045399
100428,API:37121265450000,Pennsylvania,Venango,EICHE DEAN 103Q,,,Orphan,41.496200999999999,-79.538809999999998,,0,,0,,0,,,,Pennsylvania Department of Environmental Protection,5/9/2022,,Municipality: President Twp,,-79.538810000281302,41.496201000076198
100429,API:37121265460000,Pennsylvania,Venango,EICHE DEAN 104Q,,,Orphan,41.493780999999998,-79.538435000000007,,0,,0,,0,,,,Pennsylvania Department of Environmental Protection,5/9/2022,,Municipality: President Twp,,-79.538435000075097,41.493780999993199
100430,API:37121265470000,Pennsylvania,Venango,EICHE DEAN 105Q,,,Orphan,41.504711999999998,-79.549941000000004,,0,,0,,0,,,,Pennsylvania Department of Environmental Protection,5/9/2022,,Municipality: President Twp,,-79.549941000077098,41.504711999559198
100432,API:37121265490000,Pennsylvania,Venango,EICHE DEAN 107Q,,,Orphan,41.504886999999997,-79.547891000000007,,0,,0,,0,,,,Pennsylvania Department of Environmental Protection,5/9/2022,,Municipality: President Twp,,-79.547890999969596,41.504887000434799
100433,API:37121265500000,Pennsylvania,Venango,EICHE DEAN 108Q,,,Orphan,41.505023000000001,-79.544934999999995,,0,,0,,0,,,,Pennsylvania Department of Environmental Protection,5/9/2022,,Municipality: President Twp,,-79.544935000349895,41.505023000411200
100434,API:37121265510000,Pennsylvania,Venango,EICHE DEAN 109Q,,,Orphan,41.505181000000000,-79.541518999999994,,0,,0,,0,,,,Pennsylvania Department of Environmental Protection,5/9/2022,,Municipality: President Twp,,-79.541519000201703,41.505180999603503
101184,API:37121319100000,Pennsylvania,Venango,HAMMERMILL PAPER CO I4,,,Orphan,41.495755000000003,-79.550357000000005,,0,,0,,0,,,,Pennsylvania Department of Environmental Protection,5/9/2022,,Municipality: President Twp,,-79.550357000375200,41.495755000193199
101262,API:37121321060000,Pennsylvania,Venango,EICHE DEAN 160Q,,,Orphan,41.502803000000000,-79.549305000000004,,0,,0,,0,,,,Pennsylvania Department of Environmental Protection,5/9/2022,,Municipality: President Twp,,-79.549305000425406,41.502802999658698
101264,API:37121321080000,Pennsylvania,Venango,EICHE DEAN 162Q,,,Orphan,41.501434000000003,-79.547454999999999,,0,,0,,0,,,,Pennsylvania Department of Environmental Protection,5/9/2022,,Municipality: President Twp,,-79.547454999648494,41.501434000378900
101265,API:37121321090000,Pennsylvania,Venango,EICHE DEAN 163Q,,,Orphan,41.500317000000003,-79.548885999999996,,0,,0,,0,,,,Pennsylvania Department of Environmental Protection,5/9/2022,,Municipality: President Twp,,-79.548885999988897,41.500317000129499
101266,API:37121321100000,Pennsylvania,Venango,EICHE DEAN 164Q,,,Orphan,41.499059000000003,-79.547533000000001,,0,,0,,0,,,,Pennsylvania Department of Environmental Protection,5/9/2022,,Municipality: President Twp,,-79.547532999648197,41.499058999673103
101267,API:37121321110000,Pennsylvania,Venango,EICHE DEAN 165Q,,,Orphan,41.496642000000001,-79.547518999999994,,0,,0,,0,,,,Pennsylvania Department of Environmental Protection,5/9/2022,,Municipality: President Twp,,-79.547518999901897,41.496641999728602
101268,API:37121321130000,Pennsylvania,Venango,EICHE DEAN 167Q,,,Orphan,41.493819999999999,-79.545940999999999,,0,,0,,0,,,,Pennsylvania Department of Environmental Protection,5/9/2022,,Municipality: President Twp,,-79.545940999977105,41.493819999993001
101269,API:37121321150000,Pennsylvania,Venango,EICHE DEAN 169Q,,,Orphan,41.495795000000001,-79.546152000000006,,0,,0,,0,,,,Pennsylvania Department of Environmental Protection,5/9/2022,,Municipality: President Twp,,-79.546151999814896,41.495795000239099
101270,API:37121321160000,Pennsylvania,Venango,EICHE DEAN 170Q,,,Orphan,41.497039999999998,-79.544523999999996,,0,,0,,0,,,,Pennsylvania Department of Environmental Protection,5/9/2022,,Municipality: President Twp,,-79.544524000282394,41.497040000096000
101271,API:37121321170000,Pennsylvania,Venango,EICHE DEAN 171Q,,,Orphan,41.497900999999999,-79.546385000000001,,0,,0,,0,,,,Pennsylvania Department of Environmental Protection,5/9/2022,,Municipality: President Twp,,-79.546384999767895,41.497901000231003
101272,API:37121321180000,Pennsylvania,Venango,EICHE DEAN 172Q.,,,Orphan,41.499155999999999,-79.544495999999995,,0,,0,,0,,,,Pennsylvania Department of Environmental Protection,5/9/2022,,Municipality: President Twp,,-79.544495999890401,41.499155999649702
101273,API:37121321190000,Pennsylvania,Venango,EICHE DEAN 173Q,,,Orphan,41.500295000000001,-79.546199000000001,,0,,0,,0,,,,Pennsylvania Department of Environmental Protection,5/9/2022,,Municipality: President Twp,,-79.546199000183705,41.500295000014297
101274,API:37121321200000,Pennsylvania,Venango,EICHE DEAN 174Q,,,Orphan,41.501631000000003,-79.544452000000007,,0,,0,,0,,,,Pennsylvania Department of Environmental Protection,5/9/2022,,Municipality: President Twp,,-79.544451999659998,41.501630999570999
101275,API:37121321210000,Pennsylvania,Venango,EICHE DEAN 175Q,,,Orphan,41.502909000000002,-79.546323999999998,,0,,0,,0,,,,Pennsylvania Department of Environmental Protection,5/9/2022,,Municipality: President Twp,,-79.546323999652799,41.502909000050401
101276,API:37121321220000,Pennsylvania,Venango,EICHE DEAN 176Q,,,Orphan,41.502783999999998,-79.543119000000004,,0,,0,,0,,,,Pennsylvania Department of Environmental Protection,5/9/2022,,Municipality: President Twp,,-79.543119000241603,41.502783999681903
101277,API:37121321230000,Pennsylvania,Venango,EICHE DEAN 177Q,,,Orphan,41.501750999999999,-79.541538000000003,,0,,0,,0,,,,Pennsylvania Department of Environmental Protection,5/9/2022,,Municipality: President Twp,,-79.541538000178505,41.501750999708896
101278,API:37121321240000,Pennsylvania,Venango,EICHE DEAN 178Q,,,Orphan,41.500615000000003,-79.543160000000000,,0,,0,,0,,,,Pennsylvania Department of Environmental Protection,5/9/2022,,Municipality: President Twp,,-79.543160000333700,41.500615000381998
101279,API:37121321250000,Pennsylvania,Venango,EICHE DEAN 179Q,,,Orphan,41.499456000000002,-79.541332999999995,,0,,0,,0,,,,Pennsylvania Department of Environmental Protection,5/9/2022,,Municipality: President Twp,,-79.541332999718094,41.499455999994403
101280,API:37121321260000,Pennsylvania,Venango,EICHE DEAN 180Q,,,Orphan,41.497166999999997,-79.541380000000004,,0,,0,,0,,,,Pennsylvania Department of Environmental Protection,5/9/2022,,Municipality: President Twp,,-79.541380000086903,41.497166999657303
101281,API:37121321270000,Pennsylvania,Venango,EICHE DEAN 181Q,,,Orphan,41.495828000000003,-79.542527000000007,,0,,0,,0,,,,Pennsylvania Department of Environmental Protection,5/9/2022,,Municipality: President Twp,,-79.542526999921094,41.495827999962302
101282,API:37121321280000,Pennsylvania,Venango,EICHE DEAN 182Q,,,Orphan,41.494734000000001,-79.541521000000003,,0,,0,,0,,,,Pennsylvania Department of Environmental Protection,5/9/2022,,Municipality: President Twp,,-79.541521000293898,41.494733999874299
101283,API:37121321290000,Pennsylvania,Venango,EICHE DEAN 183Q,,,Orphan,41.493716999999997,-79.542471000000006,,0,,0,,0,,,,Pennsylvania Department of Environmental Protection,5/9/2022,,Municipality: President Twp,,-79.542471000036599,41.493716999739803
101284,API:37121321310000,Pennsylvania,Venango,EICHE DEAN 185Q,,,Orphan,41.494767000000003,-79.538510000000002,,0,,0,,0,,,,Pennsylvania Department of Environmental Protection,5/9/2022,,Municipality: President Twp,,-79.538509999936494,41.494766999597402
101285,API:37121321320000,Pennsylvania,Venango,EICHE DEAN 186Q,,,Orphan,41.496059000000002,-79.539784999999995,,0,,0,,0,,,,Pennsylvania Department of Environmental Protection,5/9/2022,,Municipality: President Twp,,-79.539785000277504,41.496058999822999
101286,API:37121321330000,Pennsylvania,Venango,EICHE DEAN 187Q,,,Orphan,41.497362000000003,-79.538820999999999,,0,,0,,0,,,,Pennsylvania Department of Environmental Protection,5/9/2022,,Municipality: President Twp.,,-79.538820999889197,41.497361999656597
101287,API:37121321340000,Pennsylvania,Venango,EICHE DEAN 188Q,,,Orphan,41.498620000000003,-79.539730000000006,,0,,0,,0,,,,Pennsylvania Department of Environmental Protection,5/9/2022,,Municipality: President Twp,,-79.539730000439107,41.498620000113000
101288,API:37121321350000,Pennsylvania,Venango,EICHE DEAN 189Q,,,Orphan,41.499305999999997,-79.538876999999999,,0,,0,,0,,,,Pennsylvania Department of Environmental Protection,5/9/2022,,Municipality: President Twp,,-79.538876999773706,41.499306000271801
101289,API:37121321360000,Pennsylvania,Venango,EICHE DEAN 190Q,,,Orphan,41.500787000000003,-79.539970999999994,,0,,0,,0,,,,Pennsylvania Department of Environmental Protection,5/9/2022,,Municipality: President Twp,,-79.539970999861694,41.500787000219901
101448,API:37121337790000,Pennsylvania,Venango,WOIDECK 121Q,,,Orphan,41.495116000000003,-79.535540999999995,,0,,0,,0,,,,Pennsylvania Department of Environmental Protection,5/9/2022,,Municipality: President Twp,,-79.535540999717298,41.495116000403101
101449,API:37121337800000,Pennsylvania,Venango,WOIDECK 122Q,,,Orphan,41.494841999999998,-79.532985999999994,,0,,0,,0,,,,Pennsylvania Department of Environmental Protection,5/9/2022,,Municipality: President Twp,,-79.532985999704096,41.494842000358098
101450,API:37121337810000,Pennsylvania,Venango,WOIDECK 123Q,,,Orphan,41.496702999999997,-79.537468000000004,,0,,0,,0,,,,Pennsylvania Department of Environmental Protection,5/9/2022,,Municipality: President Twp,,-79.537468000447802,41.496702999843599
101451,API:37121337820000,Pennsylvania,Venango,WOIDECK 124Q,,,Orphan,41.496214000000002,-79.534045000000006,,0,,0,,0,,,,Pennsylvania Department of Environmental Protection,5/9/2022,,Municipality: President Twp,,-79.534044999976700,41.496213999776302
101452,API:37121337830000,Pennsylvania,Venango,WOIDECK 125Q,,,Orphan,41.497449000000003,-79.535359999999997,,0,,0,,0,,,,Pennsylvania Department of Environmental Protection,5/9/2022,,Municipality: President Twp,,-79.535360000363696,41.497449000071398
101453,API:37121337840000,Pennsylvania,Venango,WOIDECK 1260,,,Orphan,41.497312999999998,-79.532439999999994,,0,,0,,0,,,,Pennsylvania Department of Environmental Protection,5/9/2022,,Municipality: President Twp,,-79.532439999706199,41.497313000094898
101454,API:37121337850000,Pennsylvania,Venango,WOIDECK 127Q,,,Orphan,41.498272000000000,-79.537186000000005,,0,,0,,0,,,,Pennsylvania Department of Environmental Protection,5/9/2022,,Municipality: President Twp,,-79.537186000033799,41.498272000252697
101455,API:37121337860000,Pennsylvania,Venango,WOIDECK 128Q,,,Orphan,41.498410000000000,-79.534082999999995,,0,,0,,0,,,,Pennsylvania Department of Environmental Protection,5/9/2022,,Municipality: President Twp,,-79.534082999930504,41.498410000321300
101457,API:37121337880000,Pennsylvania,Venango,WOIDECK 130Q,,,Orphan,41.499782000000003,-79.535544000000002,,0,,0,,0,,,,Pennsylvania Department of Environmental Protection,5/9/2022,,Municipality: President Twp,,-79.535543999855705,41.499781999739497
101458,API:37121337890000,Pennsylvania,Venango,WOIDECK 131Q,,,Orphan,41.499898000000002,-79.532774000000003,,0,,0,,0,,,,Pennsylvania Department of Environmental Protection,5/9/2022,,Municipality: President Twp,,-79.532773999820193,41.499897999692998
101459,API:37121337900000,Pennsylvania,Venango,WOIDECK 132Q,,,Orphan,41.499920000000003,-79.532441000000006,,0,,0,,0,,,,Pennsylvania Department of Environmental Protection,5/9/2022,,Municipality: President Twp,,-79.532440999752296,41.499919999808199
101460,API:37121337910000,Pennsylvania,Venango,WOIDECK 133Q,,,Orphan,41.501379999999997,-79.533992999999995,,0,,0,,0,,,,Pennsylvania Department of Environmental Protection,5/9/2022,,Municipality: President Twp,,-79.533993000276695,41.501379999687302
101462,API:37121337930000,Pennsylvania,Venango,WOIDECK 135Q,,,Orphan,41.502614999999999,-79.535545999999997,,0,,0,,0,,,,Pennsylvania Department of Environmental Protection,5/9/2022,,Municipality: President Twp,,-79.535545999947900,41.502614999982299
101463,API:37121337940000,Pennsylvania,Venango,WOIDECK 136Q,,,Orphan,41.502616000000003,-79.532989999999998,,0,,0,,0,,,,Pennsylvania Department of Environmental Protection,5/9/2022,,Municipality: President Twp,,-79.532989999888599,41.502616000028397
