OBJECTID_1,Well_ident,State,County,Well_name,Well_numbe,Type,Status,Latitude,Longitude,Prime_meri,Township,T_dir,Range,R_dir,Section,Qtr,Qtr_qtr,Qtr_qtr_qt,Source,Data_file_date,Well_info,Location_n,Other_note,x,y
,API:37121220500000,Pennsylvania,Venango,WOIDECK 33Q,,,Orphan,41.492620000000002,-79.528552000000005,,0,,0,,0,,,,Pennsylvania Department of Environmental Protection,5/9/2022,,Municipality: President Twp,,-79.528552000274502,41.492620000412700
,API:37121220470000,Pennsylvania,Venango,WOIDECK 30Q,,,Orphan,41.492649000000000,-79.523859999999999,,0,,0,,0,,,,Pennsylvania Department of Environmental Protection,5/9/2022,,Municipality: President Twp,,-79.523859999739201,41.492648999951399
,API:37121302440000,Pennsylvania,Venango,WOIDECK 138Q,,,Orphan,41.492870000000003,-79.526912999999993,,0,,0,,0,,,,Pennsylvania Department of Environmental Protection,5/9/2022,,Municipality: President Twp,,-79.526913000234700,41.492870000250399
,API:37121337950000,Pennsylvania,Venango,WOIDECK 137Q,,,Orphan,41.492922000000000,-79.528970000000001,,0,,0,,0,,,,Pennsylvania Department of Environmental Protection,5/9/2022,,Municipality: President Twp,,-79.528969999765593,41.492921999950397
,API:37121298960000,Pennsylvania,Venango,WOIDECK 205Q,,,Orphan,41.493130999999998,-79.517471999999998,,0,,0,,0,,,,Pennsylvania Department of Environmental Protection,5/9/2022,,Municipality: President Twp,,-79.517472000132699,41.493130999695900
,API:37121337980000,Pennsylvania,Venango,WOIDECK 2060,,,Orphan,41.493197000000002,-79.527510000000007,,0,,0,,0,,,,Pennsylvania Department of Environmental Protection,5/9/2022,,Municipality: President Twp,,-79.527509999886504,41.493197000041597
,API:37121302460000,Pennsylvania,Venango,WOIDECK 202Q,,,Orphan,41.493203000000001,-79.522885000000002,,0,,0,,0,,,,Pennsylvania Department of Environmental Protection,5/9/2022,,Municipality: President Twp,,-79.522884999742899,41.493203000318303
,API:37121337970000,Pennsylvania,Venango,WOIDECK 204Q,,,Orphan,41.493335000000002,-79.524590000000003,,0,,0,,0,,,,Pennsylvania Department of Environmental Protection,5/9/2022,,Municipality: President Twp,,-79.524590000128299,41.493335000110200
,API:37121205150000,Pennsylvania,Venango,DONOVAN OR STEWART RUN CLUB 18,,,Orphan,41.493420999999998,-79.531390000000002,,0,,0,,0,,,,Pennsylvania Department of Environmental Protection,5/9/2022,,Municipality: President Twp,,-79.531389999848599,41.493420999579499
,API:37121220370000,Pennsylvania,Venango,WOIDECK 20Q,,,Orphan,41.493611000000001,-79.516012000000003,,0,,0,,0,,,,Pennsylvania Department of Environmental Protection,5/9/2022,,Municipality: President Twp,,-79.516012000253596,41.493611000247498
,API:37121298890000,Pennsylvania,Venango,WOIDECK 184Q,,,Orphan,41.494297000000003,-79.515829999999994,,0,,0,,0,,,,Pennsylvania Department of Environmental Protection,5/9/2022,,Municipality: President Twp,,-79.515829999954505,41.494297000406299
,API:37121220380000,Pennsylvania,Venango,WOIDECK 21Q,,,Orphan,41.494846000000003,-79.517290000000003,,0,,0,,0,,,,Pennsylvania Department of Environmental Protection,5/9/2022,,Municipality: President Twp,,-79.517289999833594,41.494845999643204
,API:37121220460000,Pennsylvania,Venango,WOIDECK 29Q,,,Orphan,41.494869999999999,-79.522524000000004,,0,,0,,0,,,,Pennsylvania Department of Environmental Protection,5/9/2022,,Municipality: President Twp,,-79.522524000182401,41.494869999850700
,API:37121337960000,Pennsylvania,Venango,WOIDECK 203Q,,,Orphan,41.495009000000003,-79.524107000000001,,0,,0,,0,,,,Pennsylvania Department of Environmental Protection,5/9/2022,,Municipality: President Twp,,-79.524107000337807,41.495008999965400
,API:37121298970000,Pennsylvania,Venango,WOIDECK 220Q,,,Orphan,41.495258000000000,-79.517253999999994,,0,,0,,0,,,,Pennsylvania Department of Environmental Protection,5/9/2022,,Municipality: President Twp,,-79.517253999972098,41.495257999756902
,API:37121298790000,Pennsylvania,Venango,WOIDECK 141Q,,,Orphan,41.495258000000000,-79.514553000000006,,0,,0,,0,,,,Pennsylvania Department of Environmental Protection,5/9/2022,,Municipality: President Twp,,-79.514553000420605,41.495257999756902
,API:37121338000000,Pennsylvania,Venango,WOIDECK 2090,,,Orphan,41.496287000000002,-79.523939999999996,,0,,0,,0,,,,Pennsylvania Department of Environmental Protection,5/9/2022,,Municipality: President Twp,,-79.523939999831100,41.496287000444802
,API:37121219260000,Pennsylvania,Venango,WOIDECK 9Q,,,Orphan,41.496341999999999,-79.531496000000004,,0,,0,,0,,,,Pennsylvania Department of Environmental Protection,5/9/2022,,Municipality: President Twp,,-79.531496000240196,41.496342000283200
,API:37121298930000,Pennsylvania,Venango,WOIDECK 196Q,,,Orphan,41.496630000000003,-79.519298000000006,,0,,0,,0,,,,Pennsylvania Department of Environmental Protection,5/9/2022,,Municipality: President Twp,,-79.519297999802802,41.496630000074497
,API:37121338100000,Pennsylvania,Venango,WOIDECK 2210,,,Orphan,41.496766000000001,-79.523679000000001,,0,,0,,0,,,,Pennsylvania Department of Environmental Protection,5/9/2022,,Municipality: President Twp,,-79.523679000385499,41.496766000050897
,API:37121338010000,Pennsylvania,Venango,WOIDECK 2100,,,Orphan,41.497041000000003,-79.522583999999995,,0,,0,,0,,,,Pennsylvania Department of Environmental Protection,5/9/2022,,Municipality: President Twp,,-79.522584000251399,41.497041000142097
,API:37121220400000,Pennsylvania,Venango,WOIDECK 23Q,,,Orphan,41.497042000000000,-79.517472999999995,,0,,0,,0,,,,Pennsylvania Department of Environmental Protection,5/9/2022,,Municipality: President Twp,,-79.517473000178796,41.497042000188202
,API:37121220450000,Pennsylvania,Venango,WOIDECK 28Q,,,Orphan,41.497177999999998,-79.523679000000001,,0,,0,,0,,,,Pennsylvania Department of Environmental Protection,5/9/2022,,Municipality: President Twp,,-79.523679000385499,41.497178000164602
,API:37121220330000,Pennsylvania,Venango,WOIDECK 16Q,,,Orphan,41.497179000000003,-79.514735999999999,,0,,0,,0,,,,Pennsylvania Department of Environmental Protection,5/9/2022,,Municipality: President Twp,,-79.514735999866403,41.497179000210700
,API:37121337840000,Pennsylvania,Venango,WOIDECK 1260,,,Orphan,41.497312999999998,-79.532439999999994,,0,,0,,0,,,,Pennsylvania Department of Environmental Protection,5/9/2022,,Municipality: President Twp,,-79.532439999706199,41.497313000094898
,API:37121220420000,Pennsylvania,Venango,WOIDECK 25Q,,,Orphan,41.497453000000000,-79.520211000000003,,0,,0,,0,,,,Pennsylvania Department of Environmental Protection,5/9/2022,,Municipality: President Twp,,-79.520210999637897,41.497453000255803
,API:37121298810000,Pennsylvania,Venango,WOIDECK 143Q,,,Orphan,41.497591000000000,-79.517474000000007,,0,,0,,0,,,,Pennsylvania Department of Environmental Protection,5/9/2022,,Municipality: President Twp,,-79.517474000224894,41.497591000324498
,API:37121298820000,Pennsylvania,Venango,WOIDECK 144Q,,,Orphan,41.497591000000000,-79.514334000000005,,0,,0,,0,,,,Pennsylvania Department of Environmental Protection,5/9/2022,,Municipality: President Twp,,-79.514334000213907,41.497591000324498
,API:37121298800000,Pennsylvania,Venango,WOIDECK 142Q,,,Orphan,41.497864000000000,-79.520758999999998,,0,,0,,0,,,,Pennsylvania Department of Environmental Protection,5/9/2022,,Municipality: President Twp,,-79.520758999728002,41.497864000323403
,API:37121338020000,Pennsylvania,Venango,WOIDECK 2120,,,Orphan,41.498137999999997,-79.522583999999995,,0,,0,,0,,,,Pennsylvania Department of Environmental Protection,5/9/2022,,Municipality: President Twp,,-79.522584000251399,41.498138000368499
,API:37121337870000,Pennsylvania,Venango,WOIDECK 129Q,,,Orphan,41.498410999999997,-79.530798000000004,,0,,0,,0,,,,Pennsylvania Department of Environmental Protection,5/9/2022,,Municipality: President Twp,,-79.530798000427396,41.498411000367398
,API:37121298920000,Pennsylvania,Venango,WOIDECK 195Q,,,Orphan,41.498441000000000,-79.519445000000005,,0,,0,,0,,,,Pennsylvania Department of Environmental Protection,5/9/2022,,Municipality: President Twp,,-79.519445000286495,41.498440999952301
,API:37121205230000,Pennsylvania,Venango,DONOVAN OR STEWART RUN CLUB 22,,,Orphan,41.498668000000002,-79.523114000000007,,0,,0,,0,,,,Pennsylvania Department of Environmental Protection,5/9/2022,,Municipality: President Twp,,-79.523114000410800,41.498667999628502
,API:37121220410000,Pennsylvania,Venango,WOIDECK 24Q,,,Orphan,41.498688000000001,-79.517109000000005,,0,,0,,0,,,,Pennsylvania Department of Environmental Protection,5/9/2022,,Municipality: President Twp,,-79.517108999580600,41.498687999651501
,API:37121220440000,Pennsylvania,Venango,WOIDECK 27Q,,,Orphan,41.498824999999997,-79.518752000000006,,0,,0,,0,,,,Pennsylvania Department of Environmental Protection,5/9/2022,,Municipality: President Twp,,-79.518751999804905,41.498824999674099
,API:37121298830000,Pennsylvania,Venango,WOIDECK 145Q,,,Orphan,41.498894000000000,-79.516653000000005,,0,,0,,0,,,,Pennsylvania Department of Environmental Protection,5/9/2022,,Municipality: President Twp,,-79.516653000135804,41.498894000158003
,API:37121203150000,Pennsylvania,Venango,DONOVAN OR STEWART RUN CLUB 4,,,Orphan,41.499097999999996,-79.526053000000005,,0,,0,,0,,,,Pennsylvania Department of Environmental Protection,5/9/2022,,Municipality: President Twp,,-79.526053000145794,41.499097999672998
,API:37121204710000,Pennsylvania,Venango,DONOVAN OR STEWART RUN CLUB 16,,,Orphan,41.499248999999999,-79.526668999999998,,0,,0,,0,,,,Pennsylvania Department of Environmental Protection,5/9/2022,,Municipality: Allegheny Twp,,-79.526668999774500,41.499249000341102
,API:37121046280000,Pennsylvania,Venango,Sanford Farm,,,Orphan,41.499450000000003,-79.520624999999995,,0,,0,,0,,,,Pennsylvania Department of Environmental Protection,5/9/2022,,Municipality: President Twp.,,-79.520624999843804,41.499449999717697
,API:37121298860000,Pennsylvania,Venango,WOIDECK 149Q,,,Orphan,41.499648999999998,-79.514554000000004,,0,,0,,0,,,,Pennsylvania Department of Environmental Protection,5/9/2022,,Municipality: President Twp,,-79.514553999567397,41.499648999901503
,API:37121220430000,Pennsylvania,Venango,WOIDECK 26Q,,,Orphan,41.499786000000000,-79.520212000000001,,0,,0,,0,,,,Pennsylvania Department of Environmental Protection,5/9/2022,,Municipality: President Twp,,-79.520211999683994,41.499785999924001
,API:37121220300000,Pennsylvania,Venango,WOIDECK 13Q,,,Orphan,41.499786000000000,-79.517657000000000,,0,,0,,0,,,,Pennsylvania Department of Environmental Protection,5/9/2022,,Municipality: President Twp,,-79.517656999670706,41.499785999924001
,API:37121298850000,Pennsylvania,Venango,WOIDECK 148Q,,,Orphan,41.499786000000000,-79.515923000000001,,0,,0,,0,,,,Pennsylvania Department of Environmental Protection,5/9/2022,,Municipality: President Twp,,-79.515922999746607,41.499785999924001
,API:37121338030000,Pennsylvania,Venango,WOIDECK 2130,,,Orphan,41.499853999999999,-79.522767000000002,,0,,0,,0,,,,Pennsylvania Department of Environmental Protection,5/9/2022,,Municipality: President Twp,,-79.522766999697197,41.499854000361900
,API:37121298910000,Pennsylvania,Venango,WOIDECK 194Q,,,Orphan,41.499853999999999,-79.519846999999999,,0,,0,,0,,,,Pennsylvania Department of Environmental Protection,5/9/2022,,Municipality: President Twp,,-79.519846999939006,41.499854000361900
,API:37121337900000,Pennsylvania,Venango,WOIDECK 132Q,,,Orphan,41.499920000000003,-79.532441000000006,,0,,0,,0,,,,Pennsylvania Department of Environmental Protection,5/9/2022,,Municipality: President Twp,,-79.532440999752296,41.499919999808199
,API:37121220290000,Pennsylvania,Venango,WOIDECK 11Q,,,Orphan,41.499991999999999,-79.516197000000005,,0,,0,,0,,,,Pennsylvania Department of Environmental Protection,5/9/2022,,Municipality: President Twp,,-79.516196999791603,41.499992000430602
,API:37121203140000,Pennsylvania,Venango,DONOVAN OR STEWART RUN CLUB 5,,,Orphan,41.500219000000001,-79.526826999999997,,0,,0,,0,,,,Pennsylvania Department of Environmental Protection,5/9/2022,,Municipality: President Twp,,-79.526826999866103,41.500219000106803
,API:37121203000000,Pennsylvania,Venango,DONOVAN (STEWART RUN CLUB) 2,,,Orphan,41.500235000000004,-79.528039000000007,,0,,0,,0,,,,Pennsylvania Department of Environmental Protection,5/9/2022,,Municipality: President Twp,,-79.528038999999794,41.500234999945299
,API:37121203020000,Pennsylvania,Venango,DONOVAN (STEWART RUN CLUB) 1,,,Orphan,41.500273999999997,-79.523617999999999,,0,,0,,0,,,,Pennsylvania Department of Environmental Protection,5/9/2022,,Municipality: President Twp,,-79.523618000270503,41.500273999945200
,API:37121298900000,Pennsylvania,Venango,WOIDECK 193Q,,,Orphan,41.500287000000000,-79.517291999999998,,0,,0,,0,,,,Pennsylvania Department of Environmental Protection,5/9/2022,,Municipality: President Twp,,-79.517291999925803,41.500286999645397
,API:37121225600000,Pennsylvania,Venango,WOIDECK 55Q,,,Orphan,41.500560999999998,-79.516197000000005,,0,,0,,0,,,,Pennsylvania Department of Environmental Protection,5/9/2022,,Municipality: President Twp,,-79.516196999791603,41.500560999690400
,API:37121203130000,Pennsylvania,Venango,DONOVAN OR STEWART RUN CLUB 3,,,Orphan,41.500639000000000,-79.526315999999994,,0,,0,,0,,,,Pennsylvania Department of Environmental Protection,5/9/2022,,Municipality: President Twp,,-79.526315999683604,41.500638999690104
,API:37121203480000,Pennsylvania,Venango,DONOVAN OR STEWART RUN CLUB 6,,,Orphan,41.500760000000000,-79.525593000000001,,0,,0,,0,,,,Pennsylvania Department of Environmental Protection,5/9/2022,,Municipality: President Twp,,-79.525592999617203,41.500759999874198
,API:37121225630000,Pennsylvania,Venango,WOIDECK 58Q,,,Orphan,41.500835000000002,-79.519481999999996,,0,,0,,0,,,,Pennsylvania Department of Environmental Protection,5/9/2022,,Municipality: President Twp,,-79.519482000194103,41.500834999735503
,API:37121203490000,Pennsylvania,Venango,DONOVAN OR STEWART RUN CLUB 7,,,Orphan,41.500988000000000,-79.524454000000006,,0,,0,,0,,,,Pennsylvania Department of Environmental Protection,5/9/2022,,Municipality: President Twp,,-79.524454000151906,41.500987999596497
,API:37121337920000,Pennsylvania,Venango,WOIDECK 134Q,,,Orphan,41.501106999999998,-79.530799000000002,,0,,0,,0,,,,Pennsylvania Department of Environmental Protection,5/9/2022,,Municipality: President Twp,,-79.530798999574102,41.501106999688297
,API:37121338050000,Pennsylvania,Venango,WOIDECK 2150,,,Orphan,41.501109000000000,-79.521124999999998,,0,,0,,0,,,,Pennsylvania Department of Environmental Protection,5/9/2022,,Municipality: President Twp,,-79.521125000418394,41.501108999780598
,API:37121298870000,Pennsylvania,Venango,WOIDECK 150Q,,,Orphan,41.501109999999997,-79.517657000000000,,0,,0,,0,,,,Pennsylvania Department of Environmental Protection,5/9/2022,,Municipality: President Twp,,-79.517656999670706,41.501109999826703
,API:37121338040000,Pennsylvania,Venango,WOIDECK 2140,,,Orphan,41.501246000000002,-79.522767999999999,,0,,0,,0,,,,Pennsylvania Department of Environmental Protection,5/9/2022,,Municipality: President Twp,,-79.522767999743294,41.501245999803103
,API:37121204240000,Pennsylvania,Venango,DONOVAN OR STEWART RUN CLUB 12,,,Orphan,41.501420000000003,-79.528852999999998,,0,,0,,0,,,,Pennsylvania Department of Environmental Protection,5/9/2022,,Municipality: President Twp,,-79.528852999766102,41.501419999733201
,API:37121303730000,Pennsylvania,Venango,WOIDECK 151Q,,,Orphan,41.501522000000001,-79.514554000000004,,0,,0,,0,,,,Pennsylvania Department of Environmental Protection,5/9/2022,,Municipality: President Twp,,-79.514553999567397,41.501521999940401
,API:37121225610000,Pennsylvania,Venango,WOIDECK 56Q,,,Orphan,41.502071000000001,-79.514736999999997,,0,,0,,0,,,,Pennsylvania Department of Environmental Protection,5/9/2022,,Municipality: President Twp,,-79.514736999912600,41.502071000076597
,API:37121303740000,Pennsylvania,Venango,WOIDECK 153Q,,,Orphan,41.502208000000003,-79.515649999999994,,0,,0,,0,,,,Pennsylvania Department of Environmental Protection,5/9/2022,,Municipality: President Twp,,-79.515649999747694,41.502208000099202
,API:37121298880000,Pennsylvania,Venango,WOIDECK 152Q,,,Orphan,41.502234999999999,-79.519081000000000,,0,,0,,0,,,,Pennsylvania Department of Environmental Protection,5/9/2022,,Municipality: President Twp,,-79.519080999688398,41.502235000444998
,API:37121343310000,Pennsylvania,Venango,ROEDER 43Q,,,Orphan,41.502890999999998,-79.530069999999995,,0,,0,,0,,,,Pennsylvania Department of Environmental Protection,5/9/2022,,Municipality: Allegheny Twp,,-79.530070000130394,41.502891000119597
,API:37121208480000,Pennsylvania,Venango,DONOVAN 23,,,Orphan,41.503155000000000,-79.529707999999999,,0,,0,,0,,,,Pennsylvania Department of Environmental Protection,5/9/2022,,Municipality: President Twp,,-79.529707999624506,41.503154999703597
,API:37121225650000,Pennsylvania,Venango,WOIDECK 60Q,,,Orphan,41.503168000000002,-79.516014999999996,,0,,0,,0,,,,Pennsylvania Department of Environmental Protection,5/9/2022,,Municipality: President Twp,,-79.516015000391903,41.503168000302999
,API:37121338070000,Pennsylvania,Venango,WOIDECK 2170,,,Orphan,41.503236000000001,-79.522037999999995,,0,,0,,0,,,,Pennsylvania Department of Environmental Protection,5/9/2022,,Municipality: President Twp,,-79.522038000253502,41.503235999841600
,API:37121338060000,Pennsylvania,Venango,WOIDECK 2160,,,Orphan,41.503236000000001,-79.520578000000000,,0,,0,,0,,,,Pennsylvania Department of Environmental Protection,5/9/2022,,Municipality: President Twp,,-79.520578000374400,41.503235999841600
,API:37121248090000,Pennsylvania,Venango,ROEDER 35Q,,,Orphan,41.503303000000002,-79.527879999999996,,0,,0,,0,,,,Pennsylvania Department of Environmental Protection,5/9/2022,,Municipality: Allegheny Twp,,-79.527879999862094,41.503303000233302
,API:37121225670000,Pennsylvania,Venango,WOIDECK 62Q,,,Orphan,41.503304999999997,-79.519482999999994,,0,,0,,0,,,,Pennsylvania Department of Environmental Protection,5/9/2022,,Municipality: President Twp,,-79.519483000240299,41.503305000325597
,API:37121303760000,Pennsylvania,Venango,WOIDECK 155Q,,,Orphan,41.503442999999997,-79.517475000000005,,0,,0,,0,,,,Pennsylvania Department of Environmental Protection,5/9/2022,,Municipality: President Twp,,-79.517475000271006,41.503443000394199
,API:37121225690000,Pennsylvania,Venango,WOIDECK 64Q,,,Orphan,41.503715999999997,-79.521125999999995,,0,,0,,0,,,,Pennsylvania Department of Environmental Protection,5/9/2022,,Municipality: President Twp,,-79.521125999565200,41.503716000393197
,API:37121222490000,Pennsylvania,Venango,ROEDER 25Q,,,Orphan,41.503852999999999,-79.525142000000002,,0,,0,,0,,,,Pennsylvania Department of Environmental Protection,5/9/2022,,Municipality: President Twp,,-79.525142000402994,41.503853000415702
,API:37121222470000,Pennsylvania,Venango,ROEDER 14Q,,,Orphan,41.504125999999999,-79.528244999999998,,0,,0,,0,,,,Pennsylvania Department of Environmental Protection,5/9/2022,,Municipality: President Twp,,-79.528244999606997,41.504126000414701
,API:37121225680000,Pennsylvania,Venango,WOIDECK 63Q,,,Orphan,41.504266000000001,-79.517841000000004,,0,,0,,0,,,,Pennsylvania Department of Environmental Protection,5/9/2022,,Municipality: President Twp,,-79.517841000062006,41.504265999676200
,API:37121338080000,Pennsylvania,Venango,WOIDECK 2180,,,Orphan,41.504539999999999,-79.522039000000007,,0,,0,,0,,,,Pennsylvania Department of Environmental Protection,5/9/2022,,Municipality: President Twp,,-79.522039000299600,41.504539999721302
,API:37121303780000,Pennsylvania,Venango,WOIDECK 157Q,,,Orphan,41.504677000000001,-79.518753000000004,,0,,0,,0,,,,Pennsylvania Department of Environmental Protection,5/9/2022,,Municipality: President Twp,,-79.518752999851003,41.504676999743801
,API:37121303790000,Pennsylvania,Venango,WOIDECK 158Q,,,Orphan,41.504677999999998,-79.516198000000003,,0,,0,,0,,,,Pennsylvania Department of Environmental Protection,5/9/2022,,Municipality: President Twp,,-79.516197999837800,41.504677999789898
,API:37121343300000,Pennsylvania,Venango,ROEDER 42Q,,,Orphan,41.504880999999997,-79.527698000000001,,0,,0,,0,,,,Pennsylvania Department of Environmental Protection,5/9/2022,,Municipality: Allegheny Twp,,-79.527697999563003,41.504881000158100
,API:37121248050000,Pennsylvania,Venango,ROEDER 31Q,,,Orphan,41.505223000000001,-79.531165999999999,,0,,0,,0,,,,Pennsylvania Department of Environmental Protection,5/9/2022,,Municipality: Allegheny Twp,,-79.531166000310606,41.505222999741697
,API:37121222460000,Pennsylvania,Venango,ROEDER 8Q,,,Orphan,41.505223999999998,-79.530071000000007,,0,,0,,0,,,,Pennsylvania Department of Environmental Protection,5/9/2022,,Municipality: President Twp,,-79.530071000176505,41.505223999787802
,API:37121222480000,Pennsylvania,Venango,ROEDER 19Q,,,Orphan,41.505223999999998,-79.527004000000005,,0,,0,,0,,,,Pennsylvania Department of Environmental Protection,5/9/2022,,Municipality: President Twp,,-79.527003999934607,41.505223999787802
