n_px,elev_mean,elev_std,elev_range,slope_mean,slope_std,slope_p95,tile,wp_id,kind
6254,1297.951171875,0.7408261895179749,4.5775146484375,3.5163967609405518,6.563816547393799,21.662763595581055,USGS_LPC_NM_SouthEast_2018_D19_13S_FS_10500_40500,18603,pad
6323,1334.5452880859375,0.22087928652763367,1.009033203125,0.9012932777404785,0.7428332567214966,2.3048315048217773,USGS_LPC_NM_SouthEast_2018_D19_13S_FS_10500_40500,18604,pad
12561,1335.153076171875,0.2036927044391632,1.0032958984375,0.9721065759658813,0.9209019541740417,2.7597439289093018,USGS_LPC_NM_SouthEast_2018_D19_13S_FS_10500_40500,18605,pad
5629,1293.4415283203125,0.5396252870559692,4.990966796875,4.088276386260986,6.928188800811768,22.494001388549805,USGS_LPC_NM_SouthEast_2018_D19_13S_FS_10500_40500,18671,pad
4907,1335.40966796875,0.15285839140415192,1.4207763671875,1.7895970344543457,2.16628098487854,6.786391258239746,USGS_LPC_NM_SouthEast_2018_D19_13S_FS_10500_40500,18672,pad
4308,1334.9881591796875,0.11115574091672897,0.602294921875,0.794122576713562,0.9094893336296082,2.589869499206543,USGS_LPC_NM_SouthEast_2018_D19_13S_FS_10500_40500,18673,pad
4510,1334.0576171875,0.08579771965742111,0.904296875,0.8628255128860474,1.0417289733886719,3.276247501373291,USGS_LPC_NM_SouthEast_2018_D19_13S_FS_10500_40500,18736,pad
5309,1333.2862548828125,0.22469721734523773,1.1473388671875,1.0794212818145752,1.2330206632614136,3.4971530437469482,USGS_LPC_NM_SouthEast_2018_D19_13S_FS_10500_40500,18877,pad
8546,1332.00048828125,0.34719526767730713,2.114013671875,1.5239750146865845,2.2795019149780273,5.826472282409668,USGS_LPC_NM_SouthEast_2018_D19_13S_FS_10500_40500,18944,pad
4905,1330.669921875,0.14131733775138855,1.0828857421875,1.3619966506958008,2.5443997383117676,5.94647741317749,USGS_LPC_NM_SouthEast_2018_D19_13S_FS_10500_40500,18998,pad
10140,899.5994262695312,0.26814505457878113,1.57415771484375,1.1695371866226196,1.6383476257324219,3.6848766803741455,USGS_LPC_TX_West_Central_B4_2018_13RGR500055,120959,pad
11057,897.7160034179688,0.16219982504844666,1.84716796875,0.8982448577880859,1.1516557931900024,2.569612979888916,USGS_LPC_TX_West_Central_B4_2018_13RGR500055,121153,pad
27356,897.0426025390625,0.11887451261281967,0.96771240234375,0.8869912624359131,1.0590770244598389,2.8977441787719727,USGS_LPC_TX_West_Central_B4_2018_13RGR500055,121258,pad
18368,898.100830078125,0.30412557721138,1.66217041015625,1.281473994255066,1.3863033056259155,4.140143871307373,USGS_LPC_TX_West_Central_B4_2018_13RGR500055,121259,pad
14912,897.2735595703125,0.11447323113679886,0.763427734375,0.7959945797920227,0.9024262428283691,2.6960744857788086,USGS_LPC_TX_West_Central_B4_2018_13RGR500055,121373,pad
8691,896.6155395507812,0.115969717502594,0.60882568359375,0.9492855072021484,1.3717756271362305,4.181761741638184,USGS_LPC_TX_West_Central_B4_2018_13RGR500055,121474,pad
15618,896.77783203125,0.0899023562669754,0.836669921875,0.9610952734947205,1.0279936790466309,3.0984301567077637,USGS_LPC_TX_West_Central_B4_2018_13RGR500055,121560,pad
21838,897.3843994140625,0.20442622900009155,0.94390869140625,0.8731992840766907,0.8397989273071289,2.4150068759918213,USGS_LPC_TX_West_Central_B4_2018_13RGR500055,121561,pad
41540,897.3130493164062,0.15363290905952454,2.876220703125,0.9067902565002441,1.3864425420761108,2.3867242336273193,USGS_LPC_TX_West_Central_B4_2018_13RGR500055,121562,pad
11014,897.1965942382812,0.13124395906925201,0.65545654296875,0.8368161916732788,0.8297027945518494,2.5956430435180664,USGS_LPC_TX_West_Central_B4_2018_13RGR500055,121650,pad
9254,897.1865844726562,0.47176799178123474,2.490234375,5.096502304077148,7.909631729125977,23.757434844970703,USGS_LPC_TX_West_Central_B4_2018_13RGR500055,121651,pad
9446,896.9946899414062,0.127894788980484,0.80096435546875,0.9919807314872742,1.1591341495513916,3.4010372161865234,USGS_LPC_TX_West_Central_B4_2018_13RGR500055,121652,pad
9773,897.6162719726562,0.11786790937185287,0.68865966796875,0.8820740580558777,0.8992218375205994,2.8715429306030273,USGS_LPC_TX_West_Central_B4_2018_13RGR500055,121828,pad
27261,897.13525390625,0.2874657213687897,4.2137451171875,1.189454436302185,2.342994451522827,2.7487518787384033,USGS_LPC_TX_West_Central_B4_2018_13RGR500055,121829,pad
1251,897.0760498046875,0.11113089323043823,0.440185546875,0.8809506893157959,0.9147626757621765,2.823054075241089,USGS_LPC_TX_West_Central_B4_2018_13RGR500055,121916,pad
10834,897.032470703125,0.07990643382072449,0.89459228515625,1.0613491535186768,1.3987370729446411,3.2886250019073486,USGS_LPC_TX_West_Central_B4_2018_13RGR500055,121917,pad
10246,897.2924194335938,0.10686202347278595,0.7625732421875,0.9152832627296448,0.9945508241653442,3.02681565284729,USGS_LPC_TX_West_Central_B4_2018_13RGR515055,121916,pad
6167,897.0494384765625,0.04737875983119011,0.529296875,0.8694545030593872,1.045722246170044,2.990745782852173,USGS_LPC_TX_West_Central_B4_2018_13RGR515055,121917,pad
8953,896.6226196289062,0.0803757980465889,1.044189453125,0.9094856381416321,1.0225669145584106,2.736870288848877,USGS_LPC_TX_West_Central_B4_2018_13RGR515055,121919,pad
16799,896.2715454101562,0.12813258171081543,0.99835205078125,1.1144676208496094,1.1688001155853271,3.6566481590270996,USGS_LPC_TX_West_Central_B4_2018_13RGR515055,122228,pad
8535,896.5004272460938,0.20867577195167542,2.084716796875,1.1582916975021362,2.111877679824829,3.4870753288269043,USGS_LPC_TX_West_Central_B4_2018_13RGR515055,122318,pad
9626,895.2796630859375,0.08779386430978775,0.53033447265625,0.8542801737785339,1.1096593141555786,3.2487096786499023,USGS_LPC_TX_West_Central_B4_2018_13RGR515055,122319,pad
20029,894.8168334960938,0.3806956112384796,1.882568359375,1.1264492273330688,1.193237066268921,2.59891414642334,USGS_LPC_TX_West_Central_B4_2018_13RGR515055,122526,pad
8673,894.7490234375,0.1272554099559784,0.847412109375,0.8903422951698303,0.9169654846191406,2.8818418979644775,USGS_LPC_TX_West_Central_B4_2018_13RGR515055,122637,pad
2729,894.7110595703125,0.18899041414260864,1.6788330078125,1.4546345472335815,3.3001151084899902,3.361359119415283,USGS_LPC_TX_West_Central_B4_2018_13RGR515055,122639,pad
5926,894.8388671875,0.1558743566274643,0.7122802734375,1.0050208568572998,0.8706232905387878,2.447636842727661,USGS_LPC_TX_West_Central_B4_2018_13RGR515055,122640,pad
10060,895.401611328125,0.0979410856962204,0.64630126953125,0.7964096069335938,0.8568507432937622,2.5020687580108643,USGS_LPC_TX_West_Central_B4_2018_13RGR515055,122641,pad
10640,894.47509765625,0.44755083322525024,2.404296875,1.6864231824874878,2.462167739868164,6.680140495300293,USGS_LPC_TX_West_Central_B4_2018_13RGR515055,122766,pad
9747,894.4647827148438,0.1529058814048767,0.9569091796875,1.1131782531738281,1.3147965669631958,3.7057809829711914,USGS_LPC_TX_West_Central_B4_2018_13RGR515055,122882,pad
3607,894.572265625,0.06394291669130325,0.68548583984375,0.9620502591133118,1.3840359449386597,3.1612110137939453,USGS_LPC_TX_West_Central_B4_2018_13RGR515055,122883,pad
7250,893.1253662109375,0.08045078068971634,0.40753173828125,0.6545560359954834,0.7438955903053284,2.4421098232269287,USGS_LPC_TX_West_Central_B4_2018_13RGR515055,123021,pad
3317,892.4701538085938,0.043699946254491806,0.3660888671875,0.4612066149711609,0.5044960975646973,1.2652326822280884,USGS_LPC_TX_West_Central_B4_2018_13RGR515055,123022,pad
56739,844.4343872070312,0.8688521385192871,6.06439208984375,2.7639267444610596,5.096452236175537,14.605230331420898,USGS_LPC_TX_West_Central_B4_2018_13RGR815085,145385,pad
3571,842.8828125,0.2238364964723587,0.978759765625,1.4170688390731812,2.040074586868286,6.509544372558594,USGS_LPC_TX_West_Central_B4_2018_13RGR815085,145386,pad
4943,841.9164428710938,0.2442590445280075,1.55523681640625,1.4362834692001343,1.3456029891967773,4.173053741455078,USGS_LPC_TX_West_Central_B4_2018_13RGR815085,145471,pad
9475,841.9528198242188,0.4451656639575958,2.5858154296875,2.091785430908203,2.624166250228882,8.237605094909668,USGS_LPC_TX_West_Central_B4_2018_13RGR815085,145472,pad
9336,841.5106201171875,0.7508627772331238,4.24810791015625,2.8815574645996094,3.8353090286254883,13.207576751708984,USGS_LPC_TX_West_Central_B4_2018_13RGR815085,145579,pad
41576,841.406982421875,1.0039650201797485,4.7855224609375,1.8628840446472168,3.1423842906951904,9.367997169494629,USGS_LPC_TX_West_Central_B4_2018_13RGR815085,145673,pad
2689,834.8921508789062,0.2143774926662445,1.04510498046875,1.0363348722457886,0.5800057053565979,2.1550023555755615,USGS_LPC_TX_West_Central_B4_2018_13RGR815085,145764,pad
3793,838.0596923828125,0.3752062916755676,2.33856201171875,1.7713205814361572,2.6363751888275146,7.980134963989258,USGS_LPC_TX_West_Central_B4_2018_13RGR815085,145844,pad
2723,848.0712280273438,0.34687137603759766,1.728759765625,3.0210773944854736,2.8723580837249756,9.607889175415039,USGS_LPC_TX_West_Central_B4_2018_13RGR815085,145931,pad
9588,843.998046875,0.26474201679229736,1.64239501953125,1.4170764684677124,1.3819506168365479,4.291688442230225,USGS_LPC_TX_West_Central_B4_2018_13RGR815085,146032,pad
52612,845.4664306640625,0.3007592260837555,1.72796630859375,0.6667962670326233,0.47894009947776794,1.5228122472763062,USGS_LPC_TX_West_Central_B4_2018_13RGR815085,146033,pad
2952,842.5643920898438,0.41291770339012146,1.5145263671875,0.9596986174583435,0.44273412227630615,1.7811094522476196,USGS_LPC_TX_West_Central_B4_2018_13RGR815085,146034,pad
25,847.2139892578125,0.3208931088447571,0.880126953125,3.4994802474975586,3.272409677505493,9.00808048248291,USGS_LPC_TX_West_Central_B4_2018_13RGR815085,146114,pad
4616,846.4054565429688,0.12904104590415955,0.667724609375,0.9677872061729431,0.9428194165229797,2.9579918384552,USGS_LPC_TX_West_Central_B4_2018_13RGR815085,146205,pad
1840,850.1904296875,0.2624689042568207,1.19964599609375,1.8215746879577637,2.6253843307495117,8.096845626831055,USGS_LPC_TX_West_Central_B4_2018_13RGR815085,146299,pad
5468,777.3251342773438,0.37357011437416077,2.22100830078125,1.6462143659591675,3.0476479530334473,7.901678562164307,USGS_LPC_TX_West_Central_B7_2018_14RKA445355_LAS_2019,166339,pad
8626,782.0656127929688,0.49959802627563477,3.1058349609375,2.257401943206787,2.4892048835754395,7.054221153259277,USGS_LPC_TX_West_Central_B7_2018_14RKA445355_LAS_2019,166426,pad
8912,773.9663696289062,0.14181862771511078,1.108642578125,1.2155158519744873,1.4927111864089966,4.007016181945801,USGS_LPC_TX_West_Central_B7_2018_14RKA445355_LAS_2019,166510,pad
5051,776.807373046875,0.28092631697654724,1.52423095703125,2.114595413208008,2.157886505126953,5.808904647827148,USGS_LPC_TX_West_Central_B7_2018_14RKA445355_LAS_2019,166906,pad
5625,777.6217041015625,0.4242548644542694,2.55169677734375,2.3093321323394775,2.55464243888855,7.759739398956299,USGS_LPC_TX_West_Central_B7_2018_14RKA445355_LAS_2019,167013,pad
3668,777.6400756835938,0.5374546647071838,3.95440673828125,4.655179500579834,5.561522006988525,18.836334228515625,USGS_LPC_TX_West_Central_B7_2018_14RKA445355_LAS_2019,167103,pad
2882,777.7742919921875,0.13970114290714264,1.3626708984375,1.6048486232757568,2.786348342895508,6.404806137084961,USGS_LPC_TX_West_Central_B7_2018_14RKA445355_LAS_2019,167104,pad
8819,774.2437744140625,0.12425608932971954,0.89837646484375,1.0543104410171509,1.045162320137024,3.291330099105835,USGS_LPC_TX_West_Central_B7_2018_14RKA445355_LAS_2019,167105,pad
5269,779.4022827148438,0.2954276502132416,2.3131103515625,2.945297956466675,4.571191787719727,13.470036506652832,USGS_LPC_TX_West_Central_B7_2018_14RKA445355_LAS_2019,167106,pad
2893,775.6785278320312,0.6851456761360168,3.211669921875,3.0152299404144287,2.0494470596313477,6.925783634185791,USGS_LPC_TX_West_Central_B7_2018_14RKA445355_LAS_2019,167303,pad
19909,779.6798706054688,1.6395347118377686,8.36981201171875,4.682263374328613,7.056931018829346,20.590614318847656,USGS_LPC_TX_West_Central_B7_2018_14RKA445370_LAS_2019,166427,pad
27820,787.1358642578125,0.5871639251708984,3.78076171875,1.8952746391296387,2.899846076965332,8.338812828063965,USGS_LPC_TX_West_Central_B7_2018_14RKA445370_LAS_2019,166511,pad
17418,779.4304809570312,0.6643028259277344,4.8360595703125,2.9556314945220947,3.9266295433044434,9.077496528625488,USGS_LPC_TX_West_Central_B7_2018_14RKA445370_LAS_2019,166512,pad
10680,787.8046875,0.44566208124160767,3.083251953125,1.9191703796386719,2.6135263442993164,7.856415748596191,USGS_LPC_TX_West_Central_B7_2018_14RKA445370_LAS_2019,166610,pad
7981,777.8079833984375,0.546245813369751,4.31201171875,2.3157453536987305,3.400545358657837,8.35297679901123,USGS_LPC_TX_West_Central_B7_2018_14RKA445370_LAS_2019,166611,pad
14332,784.22216796875,0.386190801858902,3.31085205078125,1.9480743408203125,2.529635429382324,7.693169593811035,USGS_LPC_TX_West_Central_B7_2018_14RKA445370_LAS_2019,166708,pad
834,782.513916015625,0.14532731473445892,0.9688720703125,1.8866007328033447,1.544573426246643,4.811008453369141,USGS_LPC_TX_West_Central_B7_2018_14RKA445370_LAS_2019,166817,pad
14146,785.4170532226562,0.4620596468448639,2.999755859375,1.5659278631210327,2.11435604095459,5.612849235534668,USGS_LPC_TX_West_Central_B7_2018_14RKA445370_LAS_2019,166818,pad
28200,781.6949462890625,0.42320695519447327,3.35272216796875,1.6025558710098267,2.7805004119873047,7.496768474578857,USGS_LPC_TX_West_Central_B7_2018_14RKA445370_LAS_2019,166907,pad
2183,781.8418579101562,0.3311938941478729,1.63702392578125,2.463555335998535,2.7211763858795166,8.537405967712402,USGS_LPC_TX_West_Central_B7_2018_14RKA445370_LAS_2019,166908,pad
14997,781.41064453125,0.2679271996021271,2.35693359375,1.3623918294906616,1.8201807737350464,5.260914325714111,USGS_LPC_TX_West_Central_B7_2018_14RKA445370_LAS_2019,167014,pad
7761,782.1180419921875,0.17861683666706085,1.37353515625,1.5611878633499146,1.7731523513793945,5.284286022186279,USGS_LPC_TX_West_Central_B7_2018_14RKA445370_LAS_2019,167015,pad
9248,779.74462890625,0.2809966504573822,1.54034423828125,1.2287845611572266,1.9821076393127441,5.421494007110596,USGS_LPC_TX_West_Central_B7_2018_14RKA445370_LAS_2019,167106,pad
1209,772.46484375,0.3490251302719116,1.52899169921875,2.708272695541382,2.130927324295044,6.801797866821289,USGS_LPC_TX_West_Central_B7_2018_14RKA445370_LAS_2019,167304,pad
10416,825.4400024414062,0.10812012851238251,1.67236328125,0.6549398899078369,1.5612887144088745,1.8719942569732666,USGS_LPC_TX_West_Central_B7_2018_14RKA550190_LAS_2019,173098,pad
1203,825.30712890625,0.04480208083987236,0.3072509765625,0.6529812812805176,0.5811639428138733,1.9677739143371582,USGS_LPC_TX_West_Central_B7_2018_14RKA550190_LAS_2019,173099,pad
1280,824.9358520507812,0.05682017654180527,0.25665283203125,0.7003466486930847,0.47148406505584717,1.578829050064087,USGS_LPC_TX_West_Central_B7_2018_14RKA550190_LAS_2019,173270,pad
15862,824.6890258789062,0.1251358985900879,0.92138671875,1.1654947996139526,1.9062401056289673,5.496057987213135,USGS_LPC_TX_West_Central_B7_2018_14RKA550190_LAS_2019,173271,pad
4779,823.1371459960938,0.19105742871761322,1.36627197265625,1.0087478160858154,1.0916686058044434,2.5880935192108154,USGS_LPC_TX_West_Central_B7_2018_14RKA550190_LAS_2019,173613,pad
18513,824.9345703125,0.1144239753484726,0.531494140625,0.6379969716072083,0.8754690885543823,2.3635337352752686,USGS_LPC_TX_West_Central_B7_2018_14RKA550190_LAS_2019,173681,pad
2501,840.8636474609375,0.3317311108112335,1.1021728515625,2.378103017807007,2.7817323207855225,8.508495330810547,USGS_LPC_TX_West_Central_B8_2018_13RMA130085_LAS_2019,145579,pad
41572,841.409423828125,1.0033740997314453,4.80029296875,1.860274076461792,3.119403600692749,9.400099754333496,USGS_LPC_TX_West_Central_B8_2018_13RMA130085_LAS_2019,145673,pad
2682,834.8941040039062,0.2145410031080246,1.04901123046875,1.0421003103256226,0.5871806144714355,2.2000646591186523,USGS_LPC_TX_West_Central_B8_2018_13RMA130085_LAS_2019,145764,pad
2964,849.0298461914062,0.6909935474395752,4.44158935546875,2.5117571353912354,3.83245587348938,11.53054428100586,USGS_LPC_TX_West_Central_B8_2018_13RMA130085_LAS_2019,145930,pad
6871,848.3599243164062,0.3799275755882263,1.96002197265625,2.1751370429992676,2.3423287868499756,7.483627796173096,USGS_LPC_TX_West_Central_B8_2018_13RMA130085_LAS_2019,145931,pad
9586,844.004638671875,0.26431605219841003,1.59033203125,1.3948951959609985,1.391628384590149,4.195544719696045,USGS_LPC_TX_West_Central_B8_2018_13RMA130085_LAS_2019,146032,pad
52620,845.47314453125,0.30126866698265076,1.76251220703125,0.636175811290741,0.4672325551509857,1.4759716987609863,USGS_LPC_TX_West_Central_B8_2018_13RMA130085_LAS_2019,146033,pad
5829,847.8761596679688,0.3471965789794922,2.3382568359375,1.8438414335250854,2.2395691871643066,6.986579418182373,USGS_LPC_TX_West_Central_B8_2018_13RMA130085_LAS_2019,146114,pad
4605,846.4130249023438,0.1281801015138626,0.67218017578125,0.9285922050476074,0.9072877168655396,2.8910093307495117,USGS_LPC_TX_West_Central_B8_2018_13RMA130085_LAS_2019,146205,pad
5094,850.379638671875,0.22134484350681305,1.8172607421875,1.1612162590026855,1.8506020307540894,4.4886345863342285,USGS_LPC_TX_West_Central_B8_2018_13RMA130085_LAS_2019,146299,pad
12810,851.503662109375,0.3647909462451935,1.47845458984375,0.9776842594146729,0.6427768468856812,2.24888277053833,USGS_LPC_TX_West_Central_B8_2018_13RMA130085_LAS_2019,146363,pad
2283,849.727294921875,0.2673116624355316,1.526611328125,1.168237566947937,1.5884556770324707,4.6230010986328125,USGS_LPC_TX_West_Central_B8_2018_13RMA130085_LAS_2019,146457,pad
6258,1286.85400390625,0.9526465535163879,4.7039794921875,3.3144402503967285,1.7389048337936401,6.721527576446533,USGS_LPC_NM_SouthEast_2018_D19_13S_FS_10500_40500,18603,control
6246,1332.074951171875,0.8272395730018616,4.7021484375,2.065652847290039,1.5423755645751953,4.39484167098999,USGS_LPC_NM_SouthEast_2018_D19_13S_FS_10500_40500,18603,control
6246,1284.4578857421875,0.8633453249931335,4.1024169921875,2.7831742763519287,1.3499250411987305,5.3235626220703125,USGS_LPC_NM_SouthEast_2018_D19_13S_FS_10500_40500,18603,control
6322,1312.421142578125,4.126441478729248,23.6414794921875,15.229921340942383,7.105442523956299,28.255142211914062,USGS_LPC_NM_SouthEast_2018_D19_13S_FS_10500_40500,18604,control
6322,1308.2554931640625,6.7404890060424805,26.264892578125,19.682968139648438,11.82177734375,40.979740142822266,USGS_LPC_NM_SouthEast_2018_D19_13S_FS_10500_40500,18604,control
6320,1318.8377685546875,8.281341552734375,28.218994140625,19.739120483398438,9.50770092010498,34.62000274658203,USGS_LPC_NM_SouthEast_2018_D19_13S_FS_10500_40500,18604,control
12562,1334.924072265625,0.16649791598320007,0.8056640625,0.694667398929596,0.4746365249156952,1.603101134300232,USGS_LPC_NM_SouthEast_2018_D19_13S_FS_10500_40500,18605,control
12560,1335.328857421875,0.25547266006469727,1.10986328125,0.7436251044273376,0.5283772349357605,1.7623307704925537,USGS_LPC_NM_SouthEast_2018_D19_13S_FS_10500_40500,18605,control
12560,1334.32568359375,0.47925400733947754,2.009521484375,1.0476804971694946,0.5873669385910034,2.136906385421753,USGS_LPC_NM_SouthEast_2018_D19_13S_FS_10500_40500,18605,control
5628,1325.62841796875,7.1929402351379395,28.3651123046875,20.92253303527832,16.291780471801758,53.117610931396484,USGS_LPC_NM_SouthEast_2018_D19_13S_FS_10500_40500,18671,control
5629,1289.6126708984375,1.1733808517456055,4.748779296875,2.9915008544921875,1.1625415086746216,5.0678181648254395,USGS_LPC_NM_SouthEast_2018_D19_13S_FS_10500_40500,18671,control
5625,1323.413330078125,8.777571678161621,24.91455078125,15.771665573120117,13.013594627380371,38.616214752197266,USGS_LPC_NM_SouthEast_2018_D19_13S_FS_10500_40500,18671,control
4892,1335.0048828125,0.32260584831237793,2.876220703125,1.197922945022583,1.5262341499328613,3.2726423740386963,USGS_LPC_NM_SouthEast_2018_D19_13S_FS_10500_40500,18672,control
4906,1335.0762939453125,0.19299066066741943,0.7454833984375,0.7659953236579895,0.48492488265037537,1.7178810834884644,USGS_LPC_NM_SouthEast_2018_D19_13S_FS_10500_40500,18672,control
4907,1333.9989013671875,0.14897054433822632,0.6845703125,0.686693012714386,0.4469253420829773,1.5154026746749878,USGS_LPC_NM_SouthEast_2018_D19_13S_FS_10500_40500,18672,control
4297,1336.4610595703125,0.13431450724601746,0.735595703125,0.6686875820159912,0.44162026047706604,1.4280831813812256,USGS_LPC_NM_SouthEast_2018_D19_13S_FS_10500_40500,18673,control
4311,1334.9619140625,0.26259538531303406,1.1649169921875,0.8859882354736328,0.5372051000595093,1.937164068222046,USGS_LPC_NM_SouthEast_2018_D19_13S_FS_10500_40500,18673,control
4290,1333.6942138671875,0.15358726680278778,0.5989990234375,0.7779015898704529,0.4247329533100128,1.5908684730529785,USGS_LPC_NM_SouthEast_2018_D19_13S_FS_10500_40500,18673,control
4508,1334.449462890625,0.14717209339141846,0.6273193359375,0.6437212824821472,0.4151971638202667,1.427358627319336,USGS_LPC_NM_SouthEast_2018_D19_13S_FS_10500_40500,18736,control
4497,1335.2650146484375,0.13771744072437286,0.6702880859375,0.9013729095458984,0.6936988830566406,2.1619560718536377,USGS_LPC_NM_SouthEast_2018_D19_13S_FS_10500_40500,18736,control
4499,1332.5965576171875,0.13824936747550964,0.7373046875,0.7441693544387817,0.610939085483551,1.9116178750991821,USGS_LPC_NM_SouthEast_2018_D19_13S_FS_10500_40500,18736,control
5304,1333.1722412109375,0.13110262155532837,0.5950927734375,0.5498261451721191,0.30322545766830444,1.0950251817703247,USGS_LPC_NM_SouthEast_2018_D19_13S_FS_10500_40500,18877,control
5296,1332.311279296875,0.13443972170352936,0.7215576171875,0.7711661458015442,0.4808948338031769,1.6270291805267334,USGS_LPC_NM_SouthEast_2018_D19_13S_FS_10500_40500,18877,control
5280,1334.8231201171875,0.17435166239738464,0.7044677734375,0.6119475364685059,0.3576546013355255,1.2999025583267212,USGS_LPC_NM_SouthEast_2018_D19_13S_FS_10500_40500,18877,control
8542,1329.9632568359375,0.34968695044517517,1.6273193359375,1.0293878316879272,0.7298853993415833,2.528970241546631,USGS_LPC_NM_SouthEast_2018_D19_13S_FS_10500_40500,18944,control
8543,1333.1651611328125,0.19557224214076996,0.9337158203125,0.6925439834594727,0.4657973051071167,1.6048022508621216,USGS_LPC_NM_SouthEast_2018_D19_13S_FS_10500_40500,18944,control
8546,1332.673095703125,0.16214409470558167,0.6925048828125,0.47753745317459106,0.2452791929244995,0.9130362272262573,USGS_LPC_NM_SouthEast_2018_D19_13S_FS_10500_40500,18944,control
4898,1329.566162109375,0.19611869752407074,0.8121337890625,0.6389892101287842,0.31339046359062195,1.1891475915908813,USGS_LPC_NM_SouthEast_2018_D19_13S_FS_10500_40500,18998,control
4887,1331.7781982421875,0.11041364073753357,0.61376953125,0.5978713631629944,0.4462694823741913,1.430562138557434,USGS_LPC_NM_SouthEast_2018_D19_13S_FS_10500_40500,18998,control
4899,1300.6793212890625,2.745948553085327,14.2354736328125,11.046578407287598,4.397422790527344,18.817846298217773,USGS_LPC_NM_SouthEast_2018_D19_13S_FS_10500_40500,18998,control
11517,898.1676635742188,0.0926155224442482,1.19464111328125,0.980362057685852,1.7336658239364624,3.3107264041900635,USGS_LPC_TX_West_Central_B4_2018_13RGR500055,120959,control
11515,897.8433227539062,0.0784531906247139,0.4306640625,0.45482271909713745,0.2771739661693573,0.9627187848091125,USGS_LPC_TX_West_Central_B4_2018_13RGR500055,120959,control
11508,898.1793823242188,0.06303104758262634,0.5882568359375,0.8258500695228577,0.976746678352356,2.086259126663208,USGS_LPC_TX_West_Central_B4_2018_13RGR500055,120959,control
11057,897.2374267578125,0.04386134445667267,0.4716796875,0.4977641701698303,0.8325169682502747,1.3962702751159668,USGS_LPC_TX_West_Central_B4_2018_13RGR500055,121153,control
11065,898.10888671875,0.11766285449266434,0.60675048828125,0.5794771909713745,0.4502105116844177,1.4382519721984863,USGS_LPC_TX_West_Central_B4_2018_13RGR500055,121153,control
11068,896.4533081054688,0.8469228744506836,3.20196533203125,1.8218538761138916,2.0942702293395996,3.572478771209717,USGS_LPC_TX_West_Central_B4_2018_13RGR500055,121153,control
27374,896.9933471679688,0.0803728997707367,0.59222412109375,0.9374869465827942,0.8461544513702393,2.518638849258423,USGS_LPC_TX_West_Central_B4_2018_13RGR500055,121258,control
27374,897.3298950195312,0.08518161624670029,2.04656982421875,0.7118789553642273,1.3544498682022095,2.050110340118408,USGS_LPC_TX_West_Central_B4_2018_13RGR500055,121258,control
27359,896.934326171875,0.0817960798740387,0.7108154296875,0.9495658278465271,0.9278529286384583,2.8423314094543457,USGS_LPC_TX_West_Central_B4_2018_13RGR500055,121258,control
18368,898.8787231445312,0.10400260984897614,0.67608642578125,0.8092931509017944,0.5585510730743408,1.8159117698669434,USGS_LPC_TX_West_Central_B4_2018_13RGR500055,121259,control
18360,897.7933349609375,0.20389916002750397,0.93841552734375,0.657752275466919,0.4332050383090973,1.4690567255020142,USGS_LPC_TX_West_Central_B4_2018_13RGR500055,121259,control
18364,898.8013305664062,0.06879904121160507,0.4827880859375,0.8160932660102844,0.5252048373222351,1.8112698793411255,USGS_LPC_TX_West_Central_B4_2018_13RGR500055,121259,control
14913,897.2493896484375,0.05252116546034813,0.93609619140625,0.7198023200035095,1.0656812191009521,2.4409422874450684,USGS_LPC_TX_West_Central_B4_2018_13RGR500055,121373,control
14927,897.1036376953125,0.07377438247203827,1.02294921875,0.9985280632972717,1.2366955280303955,2.6696903705596924,USGS_LPC_TX_West_Central_B4_2018_13RGR500055,121373,control
14926,896.8839721679688,0.051753442734479904,1.0924072265625,0.5407637357711792,0.8779280185699463,2.0069420337677,USGS_LPC_TX_West_Central_B4_2018_13RGR500055,121373,control
9043,894.64453125,0.828071653842926,3.80694580078125,2.631159782409668,3.105741024017334,6.790988445281982,USGS_LPC_TX_West_Central_B4_2018_13RGR500055,121474,control
9054,896.7608642578125,0.09317094087600708,0.5755615234375,1.0441040992736816,0.6989727020263672,2.3709518909454346,USGS_LPC_TX_West_Central_B4_2018_13RGR500055,121474,control
9049,896.77490234375,0.04447082057595253,0.2874755859375,0.576951265335083,0.5201033353805542,1.628540277481079,USGS_LPC_TX_West_Central_B4_2018_13RGR500055,121474,control
15609,896.9901123046875,0.1876593977212906,0.85845947265625,0.7801418900489807,0.5144388675689697,1.7282438278198242,USGS_LPC_TX_West_Central_B4_2018_13RGR500055,121560,control
15605,897.112060546875,0.1898537576198578,2.31024169921875,1.2786277532577515,1.9226325750350952,3.6232528686523438,USGS_LPC_TX_West_Central_B4_2018_13RGR500055,121560,control
15606,896.845458984375,0.04877586290240288,0.8177490234375,0.5309265851974487,0.7230043411254883,1.7663789987564087,USGS_LPC_TX_West_Central_B4_2018_13RGR500055,121560,control
21841,897.4133911132812,0.1598757803440094,1.34613037109375,0.8383249640464783,1.1349985599517822,2.401038408279419,USGS_LPC_TX_West_Central_B4_2018_13RGR500055,121561,control
21837,897.3837890625,0.25744345784187317,2.17437744140625,1.3275659084320068,1.6809031963348389,3.3382949829101562,USGS_LPC_TX_West_Central_B4_2018_13RGR500055,121561,control
21839,897.0670776367188,0.05642253905534744,1.08001708984375,0.7822898626327515,0.9900832772254944,2.213881254196167,USGS_LPC_TX_West_Central_B4_2018_13RGR500055,121561,control
41551,897.2366943359375,0.24713848531246185,3.662109375,1.4793609380722046,2.6440353393554688,3.980679988861084,USGS_LPC_TX_West_Central_B4_2018_13RGR500055,121562,control
41549,897.2355346679688,0.15580901503562927,1.72198486328125,1.0176429748535156,1.3479695320129395,2.832397699356079,USGS_LPC_TX_West_Central_B4_2018_13RGR500055,121562,control
41535,896.8640747070312,0.42822977900505066,3.234130859375,1.3963733911514282,1.609627604484558,3.7204484939575195,USGS_LPC_TX_West_Central_B4_2018_13RGR500055,121562,control
11022,897.2448120117188,0.13667598366737366,2.03363037109375,0.711320161819458,1.5382581949234009,1.472961664199829,USGS_LPC_TX_West_Central_B4_2018_13RGR500055,121650,control
11009,897.430908203125,0.16016234457492828,1.88330078125,0.8624772429466248,1.9867390394210815,1.7421587705612183,USGS_LPC_TX_West_Central_B4_2018_13RGR500055,121650,control
11020,897.5652465820312,0.10481667518615723,0.61090087890625,0.6598997712135315,0.5440888404846191,1.783455491065979,USGS_LPC_TX_West_Central_B4_2018_13RGR500055,121650,control
9252,896.491455078125,0.1566227674484253,0.877197265625,0.5932978391647339,0.5197070240974426,1.430910587310791,USGS_LPC_TX_West_Central_B4_2018_13RGR500055,121651,control
9257,896.5894165039062,0.10081136971712112,0.4998779296875,0.4419393241405487,0.466979056596756,1.1281006336212158,USGS_LPC_TX_West_Central_B4_2018_13RGR500055,121651,control
9254,896.724365234375,0.11175404489040375,1.68194580078125,1.3711254596710205,2.0806784629821777,3.7809720039367676,USGS_LPC_TX_West_Central_B4_2018_13RGR500055,121651,control
9442,896.8722534179688,0.06698029488325119,1.15081787109375,1.1413629055023193,1.670397162437439,3.7444589138031006,USGS_LPC_TX_West_Central_B4_2018_13RGR500055,121652,control
9442,897.3084106445312,0.09913092106580734,0.90924072265625,1.0508465766906738,1.1950935125350952,2.9153640270233154,USGS_LPC_TX_West_Central_B4_2018_13RGR500055,121652,control
9442,897.5546264648438,0.09243664890527725,0.63238525390625,0.5434656143188477,0.5211354494094849,1.3438092470169067,USGS_LPC_TX_West_Central_B4_2018_13RGR500055,121652,control
9765,896.822509765625,0.10429300367832184,1.05377197265625,1.1771858930587769,1.135386347770691,3.01167893409729,USGS_LPC_TX_West_Central_B4_2018_13RGR500055,121828,control
9770,897.18994140625,0.10244768857955933,0.486572265625,0.5607354640960693,0.40574246644973755,1.332836389541626,USGS_LPC_TX_West_Central_B4_2018_13RGR500055,121828,control
9768,897.0636596679688,0.13513502478599548,1.11181640625,1.1814711093902588,1.0664303302764893,3.1813457012176514,USGS_LPC_TX_West_Central_B4_2018_13RGR500055,121828,control
27261,897.334228515625,0.10776723176240921,1.256103515625,1.1097482442855835,1.1648623943328857,2.804417133331299,USGS_LPC_TX_West_Central_B4_2018_13RGR500055,121829,control
27252,897.2098388671875,0.16970640420913696,0.96337890625,1.0402082204818726,0.8090713620185852,2.4639527797698975,USGS_LPC_TX_West_Central_B4_2018_13RGR500055,121829,control
27262,897.771240234375,0.23650863766670227,2.38885498046875,1.224756121635437,1.4624894857406616,2.7580363750457764,USGS_LPC_TX_West_Central_B4_2018_13RGR500055,121829,control
11454,897.0789184570312,0.059760287404060364,0.45501708984375,0.6095190644264221,0.4176149368286133,1.416750192642212,USGS_LPC_TX_West_Central_B4_2018_13RGR500055,121916,control
16928,897.3314208984375,0.15390387177467346,1.51910400390625,0.9741826057434082,1.2669726610183716,2.744316577911377,USGS_LPC_TX_West_Central_B4_2018_13RGR500055,121917,control
16932,897.4265747070312,0.1535777896642685,0.742431640625,0.8470150232315063,0.8870874643325806,2.518265724182129,USGS_LPC_TX_West_Central_B4_2018_13RGR500055,121917,control
16928,896.6917724609375,0.09905270487070084,1.892822265625,1.1768847703933716,1.3330585956573486,2.7822892665863037,USGS_LPC_TX_West_Central_B4_2018_13RGR500055,121917,control
11452,896.1297607421875,0.06563924998044968,0.51739501953125,1.1230969429016113,0.7755997180938721,2.6388466358184814,USGS_LPC_TX_West_Central_B4_2018_13RGR515055,121916,control
11449,896.0769653320312,0.08109988272190094,0.5982666015625,0.8500128388404846,0.722231388092041,2.287395477294922,USGS_LPC_TX_West_Central_B4_2018_13RGR515055,121916,control
11445,896.2571411132812,0.08402865380048752,0.5076904296875,0.37697359919548035,0.23159196972846985,0.8253183364868164,USGS_LPC_TX_West_Central_B4_2018_13RGR515055,121916,control
16928,896.4677124023438,0.38494589924812317,1.46429443359375,1.155678153038025,0.7200433015823364,2.48503041267395,USGS_LPC_TX_West_Central_B4_2018_13RGR515055,121917,control
16935,896.4833984375,0.4338819980621338,2.03863525390625,1.201904058456421,0.8034877777099609,2.5775094032287598,USGS_LPC_TX_West_Central_B4_2018_13RGR515055,121917,control
16920,896.063720703125,0.2026052623987198,1.09722900390625,1.0069942474365234,1.384779930114746,2.609954833984375,USGS_LPC_TX_West_Central_B4_2018_13RGR515055,121917,control
8954,896.9982299804688,0.3841252326965332,1.3839111328125,1.1857008934020996,0.8259187340736389,2.7280383110046387,USGS_LPC_TX_West_Central_B4_2018_13RGR515055,121919,control
8957,896.1868896484375,0.11767386645078659,0.59820556640625,1.0699480772018433,0.6476405262947083,2.2333133220672607,USGS_LPC_TX_West_Central_B4_2018_13RGR515055,121919,control
8959,896.5039672851562,0.2829552888870239,1.3548583984375,1.1139044761657715,0.696487545967102,2.399773359298706,USGS_LPC_TX_West_Central_B4_2018_13RGR515055,121919,control
16809,896.7164916992188,0.17287799715995789,0.72918701171875,0.6715230345726013,0.5392157435417175,1.7434029579162598,USGS_LPC_TX_West_Central_B4_2018_13RGR515055,122228,control
16810,896.5062255859375,0.3745828866958618,1.65533447265625,0.9675107002258301,0.7039591670036316,2.2513957023620605,USGS_LPC_TX_West_Central_B4_2018_13RGR515055,122228,control
16803,896.3048095703125,0.3330952525138855,1.3526611328125,1.1046408414840698,1.098501443862915,2.8668906688690186,USGS_LPC_TX_West_Central_B4_2018_13RGR515055,122228,control
8525,896.8665771484375,0.18961557745933533,0.9248046875,0.9310812950134277,0.7570858597755432,2.173434257507324,USGS_LPC_TX_West_Central_B4_2018_13RGR515055,122318,control
8526,894.9082641601562,0.22997918725013733,1.049072265625,0.695184588432312,0.4706794321537018,1.6227198839187622,USGS_LPC_TX_West_Central_B4_2018_13RGR515055,122318,control
8526,894.9908447265625,0.26322856545448303,1.13616943359375,0.7546325922012329,0.40482065081596375,1.5115693807601929,USGS_LPC_TX_West_Central_B4_2018_13RGR515055,122318,control
9628,895.6258544921875,0.20216259360313416,2.3292236328125,1.103394865989685,1.6750571727752686,2.490492343902588,USGS_LPC_TX_West_Central_B4_2018_13RGR515055,122319,control
9618,895.50927734375,0.11302965879440308,0.6622314453125,1.052544355392456,0.974455714225769,2.584493398666382,USGS_LPC_TX_West_Central_B4_2018_13RGR515055,122319,control
9629,895.4556884765625,0.11541938781738281,0.67840576171875,1.050729513168335,1.0158392190933228,2.726911783218384,USGS_LPC_TX_West_Central_B4_2018_13RGR515055,122319,control
20028,894.9771118164062,0.48119503259658813,1.95135498046875,0.6319165229797363,0.4475070536136627,1.4668360948562622,USGS_LPC_TX_West_Central_B4_2018_13RGR515055,122526,control
20033,896.373779296875,0.4105835556983948,1.76275634765625,0.6420971751213074,0.43808457255363464,1.4192942380905151,USGS_LPC_TX_West_Central_B4_2018_13RGR515055,122526,control
20024,894.115234375,0.060909416526556015,0.488525390625,0.7690151929855347,0.5971285700798035,1.8876272439956665,USGS_LPC_TX_West_Central_B4_2018_13RGR515055,122526,control
8668,893.8150634765625,0.38726601004600525,1.59686279296875,1.1109119653701782,0.6698198914527893,2.403559923171997,USGS_LPC_TX_West_Central_B4_2018_13RGR515055,122637,control
8681,893.6988525390625,0.1570345163345337,0.72137451171875,0.6515536904335022,0.46691223978996277,1.4383658170700073,USGS_LPC_TX_West_Central_B4_2018_13RGR515055,122637,control
8677,893.149169921875,0.4371127486228943,2.01715087890625,1.0797826051712036,0.6004464626312256,2.156604766845703,USGS_LPC_TX_West_Central_B4_2018_13RGR515055,122637,control
2732,894.5929565429688,0.12266463786363602,1.354248046875,1.2101402282714844,2.0420539379119873,2.3605892658233643,USGS_LPC_TX_West_Central_B4_2018_13RGR515055,122639,control
2729,895.2906494140625,0.1404193639755249,1.8212890625,1.5940463542938232,3.003950595855713,5.237804412841797,USGS_LPC_TX_West_Central_B4_2018_13RGR515055,122639,control
2743,893.968994140625,0.13052742183208466,0.6370849609375,0.7817519903182983,0.5911691188812256,1.8602620363235474,USGS_LPC_TX_West_Central_B4_2018_13RGR515055,122639,control
5927,895.460693359375,0.1208488866686821,0.772705078125,1.1126492023468018,0.8836258053779602,2.8487839698791504,USGS_LPC_TX_West_Central_B4_2018_13RGR515055,122640,control
5935,895.5621948242188,0.2762353718280792,1.65435791015625,1.2643649578094482,1.693448781967163,3.365389347076416,USGS_LPC_TX_West_Central_B4_2018_13RGR515055,122640,control
5935,894.8382568359375,0.3076845109462738,1.41998291015625,1.229457974433899,0.7222685813903809,2.6699562072753906,USGS_LPC_TX_West_Central_B4_2018_13RGR515055,122640,control
10058,894.5213012695312,0.08427850902080536,1.6768798828125,1.4324818849563599,1.6967283487319946,3.8261778354644775,USGS_LPC_TX_West_Central_B4_2018_13RGR515055,122641,control
10054,895.4187622070312,0.09131268411874771,0.55670166015625,0.8284943103790283,0.7498371601104736,2.3642454147338867,USGS_LPC_TX_West_Central_B4_2018_13RGR515055,122641,control
10058,894.9017944335938,0.36279773712158203,1.610595703125,1.704724907875061,1.5927261114120483,5.589835166931152,USGS_LPC_TX_West_Central_B4_2018_13RGR515055,122641,control
10635,894.586181640625,0.05803470313549042,0.5665283203125,0.7117102742195129,0.7164729833602905,2.133998155593872,USGS_LPC_TX_West_Central_B4_2018_13RGR515055,122766,control
10628,894.9559936523438,0.1756218522787094,0.8040771484375,0.8556613922119141,0.5709273219108582,1.7259607315063477,USGS_LPC_TX_West_Central_B4_2018_13RGR515055,122766,control
10639,894.15087890625,0.09168926626443863,0.57281494140625,0.7850508689880371,0.6941952109336853,2.0469586849212646,USGS_LPC_TX_West_Central_B4_2018_13RGR515055,122766,control
9737,893.5588989257812,0.2847593426704407,1.3448486328125,2.240011215209961,2.0386786460876465,6.386548042297363,USGS_LPC_TX_West_Central_B4_2018_13RGR515055,122882,control
3601,893.8035278320312,0.20691339671611786,0.94189453125,1.7433661222457886,2.053586006164551,5.858360290527344,USGS_LPC_TX_West_Central_B4_2018_13RGR515055,122883,control
3611,893.6563720703125,0.3298327326774597,1.35064697265625,1.5266327857971191,1.527866005897522,2.917384624481201,USGS_LPC_TX_West_Central_B4_2018_13RGR515055,122883,control
3599,894.1519775390625,0.04734267294406891,0.4197998046875,1.170654058456421,0.7741949558258057,2.710955858230591,USGS_LPC_TX_West_Central_B4_2018_13RGR515055,122883,control
15377,893.7394409179688,0.2641822397708893,1.64947509765625,1.179510235786438,1.29222571849823,4.226202964782715,USGS_LPC_TX_West_Central_B4_2018_13RGR515055,123021,control
15377,894.841796875,0.49520060420036316,2.08551025390625,1.9773917198181152,1.9106358289718628,6.129894256591797,USGS_LPC_TX_West_Central_B4_2018_13RGR515055,123021,control
15376,893.174560546875,0.15371784567832947,0.8131103515625,0.6850168108940125,0.5510016083717346,1.6969269514083862,USGS_LPC_TX_West_Central_B4_2018_13RGR515055,123021,control
8150,893.5595703125,0.15915265679359436,0.79217529296875,0.8189840316772461,0.6717871427536011,2.1644701957702637,USGS_LPC_TX_West_Central_B4_2018_13RGR515055,123022,control
8148,895.0989379882812,0.31405109167099,1.63787841796875,1.4764297008514404,1.2561264038085938,4.4213337898254395,USGS_LPC_TX_West_Central_B4_2018_13RGR515055,123022,control
8150,895.1360473632812,0.3088568449020386,1.3912353515625,1.836681604385376,1.930527687072754,6.018681526184082,USGS_LPC_TX_West_Central_B4_2018_13RGR515055,123022,control
6965,842.3369140625,0.42301666736602783,1.65179443359375,1.1995489597320557,0.714959979057312,2.594764232635498,USGS_LPC_TX_West_Central_B4_2018_13RGR815085,145386,control
6976,840.5081787109375,0.4039000868797302,1.861572265625,1.4105240106582642,0.7336165308952332,2.6829872131347656,USGS_LPC_TX_West_Central_B4_2018_13RGR815085,145386,control
6968,843.9349975585938,0.5104613304138184,2.22222900390625,1.365256428718567,0.8457615971565247,2.9673783779144287,USGS_LPC_TX_West_Central_B4_2018_13RGR815085,145386,control
4944,838.5558471679688,0.7001736760139465,2.32415771484375,1.8622580766677856,0.9568832516670227,3.51049542427063,USGS_LPC_TX_West_Central_B4_2018_13RGR815085,145471,control
4943,838.0911254882812,0.1222938597202301,0.67547607421875,1.1645971536636353,1.069826364517212,3.6117568016052246,USGS_LPC_TX_West_Central_B4_2018_13RGR815085,145471,control
4943,840.0597534179688,0.35524681210517883,1.74542236328125,1.1873173713684082,0.6066319942474365,2.230861186981201,USGS_LPC_TX_West_Central_B4_2018_13RGR815085,145471,control
9488,840.0936889648438,0.6979602575302124,2.82708740234375,1.4214074611663818,0.5341423749923706,2.220118284225464,USGS_LPC_TX_West_Central_B4_2018_13RGR815085,145472,control
9481,836.5496215820312,0.5261431932449341,2.03912353515625,1.2229408025741577,0.8951991200447083,1.8881057500839233,USGS_LPC_TX_West_Central_B4_2018_13RGR815085,145472,control
9478,840.891845703125,0.5412136912345886,2.46441650390625,1.3606505393981934,0.7033604383468628,2.643301010131836,USGS_LPC_TX_West_Central_B4_2018_13RGR815085,145472,control
9330,843.4417724609375,0.48139408230781555,2.13031005859375,1.1690220832824707,0.7705878615379333,2.3278777599334717,USGS_LPC_TX_West_Central_B4_2018_13RGR815085,145579,control
9329,838.5272827148438,0.17274390161037445,1.63909912109375,1.2614790201187134,1.7008212804794312,3.4465177059173584,USGS_LPC_TX_West_Central_B4_2018_13RGR815085,145579,control
41580,842.2864990234375,0.9382653832435608,3.86834716796875,1.1634715795516968,0.843729555606842,2.5227599143981934,USGS_LPC_TX_West_Central_B4_2018_13RGR815085,145673,control
41582,843.3233642578125,0.8456679582595825,3.14599609375,1.046045184135437,0.6894218325614929,2.2929611206054688,USGS_LPC_TX_West_Central_B4_2018_13RGR815085,145673,control
41577,841.7628784179688,0.8258984088897705,3.55255126953125,1.1698837280273438,0.804202139377594,2.405730962753296,USGS_LPC_TX_West_Central_B4_2018_13RGR815085,145673,control
2685,837.3156127929688,0.27463385462760925,2.26373291015625,3.0259361267089844,3.725787401199341,10.963850021362305,USGS_LPC_TX_West_Central_B4_2018_13RGR815085,145764,control
2694,836.1406860351562,0.3114349842071533,1.1956787109375,1.2572864294052124,0.42132019996643066,1.9557960033416748,USGS_LPC_TX_West_Central_B4_2018_13RGR815085,145764,control
2678,841.5466918945312,0.28783249855041504,1.1419677734375,1.2894017696380615,0.5623579025268555,2.306539297103882,USGS_LPC_TX_West_Central_B4_2018_13RGR815085,145764,control
7131,841.076904296875,0.5027211904525757,1.96075439453125,1.1457266807556152,0.40761420130729675,1.8041629791259766,USGS_LPC_TX_West_Central_B4_2018_13RGR815085,145844,control
7143,843.9752807617188,0.4670277237892151,2.11859130859375,1.4012612104415894,0.912800669670105,3.082791328430176,USGS_LPC_TX_West_Central_B4_2018_13RGR815085,145844,control
7145,843.3252563476562,0.5883215665817261,2.5003662109375,1.4144949913024902,0.5245142579078674,2.3230419158935547,USGS_LPC_TX_West_Central_B4_2018_13RGR815085,145844,control
6871,844.7967529296875,0.2344915270805359,1.10198974609375,0.9927771091461182,0.6062524914741516,2.1537137031555176,USGS_LPC_TX_West_Central_B4_2018_13RGR815085,145931,control
6869,845.5391845703125,0.3508632481098175,1.54644775390625,1.034217119216919,0.5498823523521423,2.0288994312286377,USGS_LPC_TX_West_Central_B4_2018_13RGR815085,145931,control
6873,843.4931030273438,0.29919716715812683,1.2232666015625,1.0391594171524048,0.6269307136535645,2.2119946479797363,USGS_LPC_TX_West_Central_B4_2018_13RGR815085,145931,control
9585,848.9354248046875,0.5470963716506958,2.347412109375,1.3972550630569458,0.9404251575469971,3.291994571685791,USGS_LPC_TX_West_Central_B4_2018_13RGR815085,146032,control
9583,845.1636352539062,0.15799954533576965,0.85601806640625,0.6799272298812866,0.5707014799118042,1.458357810974121,USGS_LPC_TX_West_Central_B4_2018_13RGR815085,146032,control
9582,844.1254272460938,0.28802481293678284,1.5791015625,1.027745246887207,0.8935313820838928,2.9362199306488037,USGS_LPC_TX_West_Central_B4_2018_13RGR815085,146032,control
52616,846.3705444335938,0.9824607968330383,4.7088623046875,1.059035301208496,0.8108134269714355,2.3264224529266357,USGS_LPC_TX_West_Central_B4_2018_13RGR815085,146033,control
52617,842.5070190429688,1.418269395828247,5.76287841796875,1.3073947429656982,0.5317862629890442,2.210205316543579,USGS_LPC_TX_West_Central_B4_2018_13RGR815085,146033,control
52609,844.3133544921875,1.2208515405654907,4.681884765625,1.1096210479736328,0.5831422209739685,2.0788092613220215,USGS_LPC_TX_West_Central_B4_2018_13RGR815085,146033,control
34598,845.4702758789062,0.45669159293174744,2.34442138671875,0.8044848442077637,0.49713224172592163,1.7235281467437744,USGS_LPC_TX_West_Central_B4_2018_13RGR815085,146034,control
34603,844.4065551757812,0.8629409074783325,4.1290283203125,1.1695365905761719,0.7116364240646362,2.321295738220215,USGS_LPC_TX_West_Central_B4_2018_13RGR815085,146034,control
34597,845.7350463867188,0.22212398052215576,1.50201416015625,0.684450089931488,0.4927862286567688,1.5789594650268555,USGS_LPC_TX_West_Central_B4_2018_13RGR815085,146034,control
5822,848.9615478515625,0.29897943139076233,1.5235595703125,0.9256671071052551,0.47779616713523865,1.783664584159851,USGS_LPC_TX_West_Central_B4_2018_13RGR815085,146114,control
5831,849.2435302734375,0.2958464026451111,1.62591552734375,0.9865055680274963,0.5721337199211121,2.1459624767303467,USGS_LPC_TX_West_Central_B4_2018_13RGR815085,146114,control
5826,847.02978515625,0.25374284386634827,1.0909423828125,1.2063885927200317,0.9594003558158875,3.2031993865966797,USGS_LPC_TX_West_Central_B4_2018_13RGR815085,146114,control
4609,842.9835205078125,0.517869234085083,2.20684814453125,1.4988678693771362,0.5896328091621399,2.371680498123169,USGS_LPC_TX_West_Central_B4_2018_13RGR815085,146205,control
4610,845.5968627929688,0.0356033556163311,0.32769775390625,0.7215331196784973,0.5758286118507385,1.9214556217193604,USGS_LPC_TX_West_Central_B4_2018_13RGR815085,146205,control
4610,841.8455810546875,0.322063148021698,1.639404296875,0.9380008578300476,0.3485865592956543,1.518328070640564,USGS_LPC_TX_West_Central_B4_2018_13RGR815085,146205,control
5098,845.5474853515625,0.2222048044204712,0.95806884765625,0.706074059009552,0.3899657130241394,1.3562395572662354,USGS_LPC_TX_West_Central_B4_2018_13RGR815085,146299,control
5097,845.701171875,0.34434938430786133,1.4920654296875,1.120371699333191,0.5764860510826111,2.1898269653320312,USGS_LPC_TX_West_Central_B4_2018_13RGR815085,146299,control
5094,846.4140014648438,0.33574381470680237,1.402099609375,1.3291211128234863,1.1501739025115967,4.099733829498291,USGS_LPC_TX_West_Central_B4_2018_13RGR815085,146299,control
8415,774.6399536132812,0.30214330554008484,1.36163330078125,1.3743890523910522,0.9751054644584656,3.4045755863189697,USGS_LPC_TX_West_Central_B7_2018_14RKA445355_LAS_2019,166339,control
8413,781.357421875,1.1059637069702148,4.8131103515625,2.683560848236084,1.2351261377334595,4.911038398742676,USGS_LPC_TX_West_Central_B7_2018_14RKA445355_LAS_2019,166339,control
8414,774.2349853515625,0.10641666501760483,0.6380615234375,1.0478934049606323,0.8153077363967896,2.6447675228118896,USGS_LPC_TX_West_Central_B7_2018_14RKA445355_LAS_2019,166339,control
8627,776.2459716796875,0.7945184707641602,3.2669677734375,2.1265082359313965,0.9716417789459229,3.646070957183838,USGS_LPC_TX_West_Central_B7_2018_14RKA445355_LAS_2019,166426,control
8616,776.863037109375,0.457350492477417,1.85760498046875,1.033263921737671,0.4002503454685211,1.7229747772216797,USGS_LPC_TX_West_Central_B7_2018_14RKA445355_LAS_2019,166426,control
8616,777.3721923828125,0.7741675972938538,3.3687744140625,2.447091817855835,1.268383264541626,4.975798606872559,USGS_LPC_TX_West_Central_B7_2018_14RKA445355_LAS_2019,166426,control
8913,774.4802856445312,0.15120534598827362,0.94415283203125,0.9996476173400879,0.6739259958267212,2.276621103286743,USGS_LPC_TX_West_Central_B7_2018_14RKA445355_LAS_2019,166510,control
8914,775.3068237304688,0.24084582924842834,1.15386962890625,0.5956392288208008,0.28902876377105713,1.1068254709243774,USGS_LPC_TX_West_Central_B7_2018_14RKA445355_LAS_2019,166510,control
8912,771.9000854492188,1.599442958831787,6.10601806640625,3.4352242946624756,2.319654941558838,7.478981018066406,USGS_LPC_TX_West_Central_B7_2018_14RKA445355_LAS_2019,166510,control
5061,775.3519897460938,0.45958253741264343,1.6563720703125,1.0958644151687622,0.6075314283370972,2.4868578910827637,USGS_LPC_TX_West_Central_B7_2018_14RKA445355_LAS_2019,166906,control
5053,774.1817016601562,0.09791076928377151,0.66241455078125,0.6363296508789062,1.1720584630966187,2.581639289855957,USGS_LPC_TX_West_Central_B7_2018_14RKA445355_LAS_2019,166906,control
5060,775.2988891601562,0.31214553117752075,1.2327880859375,0.7794069051742554,0.3004998564720154,1.2862745523452759,USGS_LPC_TX_West_Central_B7_2018_14RKA445355_LAS_2019,166906,control
5633,776.5066528320312,0.18878087401390076,0.84783935546875,0.6476072669029236,0.3237532079219818,1.2248886823654175,USGS_LPC_TX_West_Central_B7_2018_14RKA445355_LAS_2019,167013,control
5634,775.057861328125,0.19472740590572357,0.81561279296875,0.595517635345459,0.25251156091690063,1.046608328819275,USGS_LPC_TX_West_Central_B7_2018_14RKA445355_LAS_2019,167013,control
5633,776.6641235351562,0.18803592026233673,1.349853515625,0.718507707118988,0.6491838097572327,1.366679310798645,USGS_LPC_TX_West_Central_B7_2018_14RKA445355_LAS_2019,167013,control
3669,775.0160522460938,0.3725874125957489,1.47747802734375,1.8019609451293945,0.9302188754081726,3.6554136276245117,USGS_LPC_TX_West_Central_B7_2018_14RKA445355_LAS_2019,167103,control
3669,770.45654296875,0.44169631600379944,2.296630859375,1.862349033355713,1.532907247543335,4.470295429229736,USGS_LPC_TX_West_Central_B7_2018_14RKA445355_LAS_2019,167103,control
3668,773.4024047851562,0.20125117897987366,0.862060546875,1.2462923526763916,0.7465684413909912,2.6639046669006348,USGS_LPC_TX_West_Central_B7_2018_14RKA445355_LAS_2019,167103,control
2891,770.1484985351562,0.018068991601467133,0.1278076171875,0.5754356384277344,0.3238382935523987,1.1829187870025635,USGS_LPC_TX_West_Central_B7_2018_14RKA445355_LAS_2019,167104,control
2873,770.380615234375,0.18706901371479034,0.9815673828125,1.1389155387878418,0.732215404510498,2.5268502235412598,USGS_LPC_TX_West_Central_B7_2018_14RKA445355_LAS_2019,167104,control
2868,770.1390380859375,0.017957860603928566,0.12530517578125,0.6681285500526428,0.36572811007499695,1.326372742652893,USGS_LPC_TX_West_Central_B7_2018_14RKA445355_LAS_2019,167104,control
8819,774.84423828125,0.39872002601623535,2.69879150390625,0.9900257587432861,1.373883605003357,1.6288964748382568,USGS_LPC_TX_West_Central_B7_2018_14RKA445355_LAS_2019,167105,control
8817,775.915283203125,0.280680775642395,1.43963623046875,0.7059269547462463,0.2857128977775574,1.1979480981826782,USGS_LPC_TX_West_Central_B7_2018_14RKA445355_LAS_2019,167105,control
8818,775.6649780273438,0.6189932227134705,2.37640380859375,2.9275131225585938,2.8572967052459717,8.486534118652344,USGS_LPC_TX_West_Central_B7_2018_14RKA445355_LAS_2019,167105,control
14374,776.6031494140625,0.4480586051940918,2.1190185546875,1.7022327184677124,1.8280985355377197,5.725642681121826,USGS_LPC_TX_West_Central_B7_2018_14RKA445355_LAS_2019,167106,control
14375,777.721923828125,0.5414080023765564,4.27362060546875,2.041807174682617,2.8930561542510986,7.6293182373046875,USGS_LPC_TX_West_Central_B7_2018_14RKA445355_LAS_2019,167106,control
14373,776.4767456054688,0.46297699213027954,2.21234130859375,0.9521157741546631,0.8424163460731506,1.7765612602233887,USGS_LPC_TX_West_Central_B7_2018_14RKA445355_LAS_2019,167106,control
5837,773.8311767578125,0.46468278765678406,1.76654052734375,1.1626824140548706,0.41094163060188293,1.8563238382339478,USGS_LPC_TX_West_Central_B7_2018_14RKA445355_LAS_2019,167303,control
5832,773.0946655273438,0.1329081505537033,0.63037109375,0.5899325609207153,0.2922230064868927,1.1279956102371216,USGS_LPC_TX_West_Central_B7_2018_14RKA445355_LAS_2019,167303,control
5834,774.9876708984375,0.4801464378833771,2.30419921875,1.3746391534805298,0.5173625349998474,2.2652132511138916,USGS_LPC_TX_West_Central_B7_2018_14RKA445355_LAS_2019,167303,control
19907,785.6765747070312,0.9716181755065918,4.6263427734375,1.8755220174789429,1.1462184190750122,4.074645042419434,USGS_LPC_TX_West_Central_B7_2018_14RKA445370_LAS_2019,166427,control
19905,785.7548217773438,0.716059148311615,3.2772216796875,1.8346177339553833,1.5156079530715942,5.039705753326416,USGS_LPC_TX_West_Central_B7_2018_14RKA445370_LAS_2019,166427,control
19908,779.7508544921875,0.33338209986686707,2.00872802734375,1.5934221744537354,1.3325042724609375,4.465190887451172,USGS_LPC_TX_West_Central_B7_2018_14RKA445370_LAS_2019,166427,control
27821,788.6456909179688,0.7959632277488708,3.83734130859375,1.300246000289917,0.7134368419647217,2.6273715496063232,USGS_LPC_TX_West_Central_B7_2018_14RKA445370_LAS_2019,166511,control
27824,789.86083984375,1.0023119449615479,4.05609130859375,1.7242674827575684,0.9172473549842834,3.3047521114349365,USGS_LPC_TX_West_Central_B7_2018_14RKA445370_LAS_2019,166511,control
27818,789.049560546875,1.230755090713501,4.31689453125,1.7298566102981567,0.9591633677482605,3.3641932010650635,USGS_LPC_TX_West_Central_B7_2018_14RKA445370_LAS_2019,166511,control
17411,785.2785034179688,1.078536868095398,4.23272705078125,1.758136510848999,1.1381458044052124,3.669064998626709,USGS_LPC_TX_West_Central_B7_2018_14RKA445370_LAS_2019,166512,control
17413,770.6383056640625,0.6956366300582886,3.232666015625,2.5349819660186768,2.1040806770324707,6.491164207458496,USGS_LPC_TX_West_Central_B7_2018_14RKA445370_LAS_2019,166512,control
17414,782.8153686523438,0.7896705865859985,3.33526611328125,2.1137189865112305,1.9661403894424438,6.3952507972717285,USGS_LPC_TX_West_Central_B7_2018_14RKA445370_LAS_2019,166512,control
10677,790.5396728515625,0.34021636843681335,1.83294677734375,1.3372799158096313,0.8102977275848389,2.859022378921509,USGS_LPC_TX_West_Central_B7_2018_14RKA445370_LAS_2019,166610,control
10668,788.5353393554688,0.6603158712387085,2.84027099609375,1.8634995222091675,1.7257459163665771,5.08653450012207,USGS_LPC_TX_West_Central_B7_2018_14RKA445370_LAS_2019,166610,control
10680,789.8567504882812,0.5601392388343811,2.67779541015625,1.4243427515029907,0.7843912243843079,2.8165194988250732,USGS_LPC_TX_West_Central_B7_2018_14RKA445370_LAS_2019,166610,control
7992,771.3826904296875,0.8281035423278809,3.563232421875,2.5946381092071533,1.7289559841156006,5.823513507843018,USGS_LPC_TX_West_Central_B7_2018_14RKA445370_LAS_2019,166611,control
7982,770.4819946289062,0.4816746711730957,2.36328125,2.674740791320801,2.0671451091766357,6.3749494552612305,USGS_LPC_TX_West_Central_B7_2018_14RKA445370_LAS_2019,166611,control
7991,780.1561889648438,0.2740248739719391,1.16680908203125,1.346649169921875,1.0755423307418823,3.6074342727661133,USGS_LPC_TX_West_Central_B7_2018_14RKA445370_LAS_2019,166611,control
14333,789.2592163085938,0.3724897801876068,1.87225341796875,1.1369376182556152,0.756743848323822,2.5554769039154053,USGS_LPC_TX_West_Central_B7_2018_14RKA445370_LAS_2019,166708,control
14345,785.0951538085938,0.8230714797973633,4.00732421875,2.161428928375244,1.511901617050171,5.445122241973877,USGS_LPC_TX_West_Central_B7_2018_14RKA445370_LAS_2019,166708,control
14345,784.5055541992188,0.6938179135322571,3.35009765625,2.281716823577881,1.6608948707580566,5.68201208114624,USGS_LPC_TX_West_Central_B7_2018_14RKA445370_LAS_2019,166708,control
839,787.7699584960938,0.15027785301208496,0.7083740234375,1.9831525087356567,1.5355989933013916,4.826970100402832,USGS_LPC_TX_West_Central_B7_2018_14RKA445370_LAS_2019,166817,control
844,781.1906127929688,0.09323849529027939,0.4674072265625,1.2816205024719238,0.8070977926254272,2.8458938598632812,USGS_LPC_TX_West_Central_B7_2018_14RKA445370_LAS_2019,166817,control
840,785.6857299804688,0.16681398451328278,0.94073486328125,2.160485029220581,1.735870361328125,6.000160217285156,USGS_LPC_TX_West_Central_B7_2018_14RKA445370_LAS_2019,166817,control
14143,784.1716918945312,0.7417724132537842,3.09588623046875,2.056685209274292,1.5424634218215942,5.225497722625732,USGS_LPC_TX_West_Central_B7_2018_14RKA445370_LAS_2019,166818,control
14141,785.7645874023438,0.5254648327827454,2.634765625,1.7980024814605713,1.5114030838012695,5.083764553070068,USGS_LPC_TX_West_Central_B7_2018_14RKA445370_LAS_2019,166818,control
14146,783.2203979492188,0.6199647188186646,3.01739501953125,2.3025312423706055,1.6833441257476807,5.634463310241699,USGS_LPC_TX_West_Central_B7_2018_14RKA445370_LAS_2019,166818,control
28198,785.5574951171875,1.106990098953247,4.82720947265625,2.0547358989715576,1.6023765802383423,5.698756694793701,USGS_LPC_TX_West_Central_B7_2018_14RKA445370_LAS_2019,166907,control
28196,783.8727416992188,0.43955639004707336,2.5758056640625,1.4827009439468384,1.265707015991211,4.327087879180908,USGS_LPC_TX_West_Central_B7_2018_14RKA445370_LAS_2019,166907,control
28193,780.6678466796875,0.9900514483451843,3.94134521484375,2.0805342197418213,1.70759916305542,5.86691427230835,USGS_LPC_TX_West_Central_B7_2018_14RKA445370_LAS_2019,166907,control
10366,782.0661010742188,0.3829786479473114,2.30810546875,1.5959326028823853,1.567915678024292,5.020266532897949,USGS_LPC_TX_West_Central_B7_2018_14RKA445370_LAS_2019,166908,control
10367,779.5679321289062,0.27363184094429016,1.65216064453125,1.5184029340744019,1.2878820896148682,4.389764308929443,USGS_LPC_TX_West_Central_B7_2018_14RKA445370_LAS_2019,166908,control
10366,779.77490234375,0.2670399844646454,1.42303466796875,1.5116453170776367,1.272605299949646,4.294407844543457,USGS_LPC_TX_West_Central_B7_2018_14RKA445370_LAS_2019,166908,control
14998,783.2117919921875,0.6502560973167419,2.98199462890625,2.123164176940918,1.6864019632339478,5.766971588134766,USGS_LPC_TX_West_Central_B7_2018_14RKA445370_LAS_2019,167014,control
15005,775.2906494140625,1.004643201828003,4.83392333984375,2.8073668479919434,2.1109933853149414,7.248636245727539,USGS_LPC_TX_West_Central_B7_2018_14RKA445370_LAS_2019,167014,control
14997,779.166748046875,0.7700577974319458,3.72906494140625,2.6318068504333496,2.1581273078918457,7.1319966316223145,USGS_LPC_TX_West_Central_B7_2018_14RKA445370_LAS_2019,167014,control
7758,780.3334350585938,0.09295503795146942,0.83184814453125,1.0093870162963867,0.998260498046875,2.7491133213043213,USGS_LPC_TX_West_Central_B7_2018_14RKA445370_LAS_2019,167015,control
7759,778.5911865234375,0.5153549909591675,2.51043701171875,2.140389919281006,1.832636833190918,6.445485591888428,USGS_LPC_TX_West_Central_B7_2018_14RKA445370_LAS_2019,167015,control
7764,780.3630981445312,0.061581920832395554,0.41412353515625,0.7582977414131165,0.48460203409194946,1.686493992805481,USGS_LPC_TX_West_Central_B7_2018_14RKA445370_LAS_2019,167015,control
14374,781.5419311523438,0.2068634182214737,1.24072265625,1.1827791929244995,1.0970162153244019,3.723630666732788,USGS_LPC_TX_West_Central_B7_2018_14RKA445370_LAS_2019,167106,control
14377,780.7684326171875,0.29475200176239014,1.7005615234375,1.6870274543762207,1.5474350452423096,4.9486165046691895,USGS_LPC_TX_West_Central_B7_2018_14RKA445370_LAS_2019,167106,control
14378,781.2894897460938,0.619138240814209,3.4061279296875,2.2465758323669434,2.4089715480804443,7.330293655395508,USGS_LPC_TX_West_Central_B7_2018_14RKA445370_LAS_2019,167106,control
10827,779.2864379882812,1.18638277053833,4.67120361328125,3.020124673843384,2.269643545150757,7.5483245849609375,USGS_LPC_TX_West_Central_B7_2018_14RKA445370_LAS_2019,167304,control
10827,780.265380859375,0.5511283874511719,2.74346923828125,2.3247735500335693,1.8085185289382935,6.132657527923584,USGS_LPC_TX_West_Central_B7_2018_14RKA445370_LAS_2019,167304,control
10828,779.6629028320312,0.8509867191314697,3.8018798828125,2.5926244258880615,1.910671591758728,6.3295793533325195,USGS_LPC_TX_West_Central_B7_2018_14RKA445370_LAS_2019,167304,control
10424,825.3672485351562,0.09622913599014282,0.3895263671875,0.2873043715953827,0.15379251539707184,0.5708615779876709,USGS_LPC_TX_West_Central_B7_2018_14RKA550190_LAS_2019,173098,control
10425,824.9385375976562,0.06813947856426239,0.28515625,0.25814110040664673,0.13509522378444672,0.502228319644928,USGS_LPC_TX_West_Central_B7_2018_14RKA550190_LAS_2019,173098,control
10421,824.5532836914062,0.1224578469991684,0.5020751953125,0.43636554479599,0.3476397395133972,1.235097885131836,USGS_LPC_TX_West_Central_B7_2018_14RKA550190_LAS_2019,173098,control
1206,825.4967651367188,0.02448640763759613,0.1368408203125,0.2884475290775299,0.17329509556293488,0.6392240524291992,USGS_LPC_TX_West_Central_B7_2018_14RKA550190_LAS_2019,173099,control
1203,825.0590209960938,0.02575797401368618,0.11865234375,0.2807384729385376,0.14816555380821228,0.5546197891235352,USGS_LPC_TX_West_Central_B7_2018_14RKA550190_LAS_2019,173099,control
1200,825.4501342773438,0.01046188734471798,0.06549072265625,0.20927804708480835,0.11288914084434509,0.4083748161792755,USGS_LPC_TX_West_Central_B7_2018_14RKA550190_LAS_2019,173099,control
1277,824.1019287109375,0.009393241256475449,0.0654296875,0.22254598140716553,0.11914870887994766,0.4430614113807678,USGS_LPC_TX_West_Central_B7_2018_14RKA550190_LAS_2019,173270,control
1281,824.7848510742188,0.03521595522761345,0.14288330078125,0.2720979154109955,0.13986434042453766,0.5208710432052612,USGS_LPC_TX_West_Central_B7_2018_14RKA550190_LAS_2019,173270,control
1278,825.1325073242188,0.01626170240342617,0.0811767578125,0.21875028312206268,0.11238353699445724,0.4182104468345642,USGS_LPC_TX_West_Central_B7_2018_14RKA550190_LAS_2019,173270,control
15868,825.2161865234375,0.03454845771193504,0.19427490234375,0.22618357837200165,0.12566465139389038,0.46131083369255066,USGS_LPC_TX_West_Central_B7_2018_14RKA550190_LAS_2019,173271,control
15861,825.4063720703125,0.05863945558667183,0.29681396484375,0.2761816680431366,0.1686486303806305,0.5988460183143616,USGS_LPC_TX_West_Central_B7_2018_14RKA550190_LAS_2019,173271,control
15868,824.9508666992188,0.05545740947127342,0.2938232421875,0.2424388974905014,0.14060482382774353,0.4881702959537506,USGS_LPC_TX_West_Central_B7_2018_14RKA550190_LAS_2019,173271,control
4779,823.4827270507812,0.1674843281507492,0.98687744140625,1.2529336214065552,2.016221523284912,6.242873191833496,USGS_LPC_TX_West_Central_B7_2018_14RKA550190_LAS_2019,173613,control
4783,820.8930053710938,0.01822606660425663,0.1258544921875,0.2616285979747772,0.14311999082565308,0.5239370465278625,USGS_LPC_TX_West_Central_B7_2018_14RKA550190_LAS_2019,173613,control
4780,823.8724365234375,0.10988245904445648,0.58905029296875,1.084599494934082,1.3651649951934814,4.4257330894470215,USGS_LPC_TX_West_Central_B7_2018_14RKA550190_LAS_2019,173613,control
18513,824.635986328125,0.1078009381890297,0.42999267578125,0.29386645555496216,0.16373670101165771,0.5998849868774414,USGS_LPC_TX_West_Central_B7_2018_14RKA550190_LAS_2019,173681,control
18512,824.4837036132812,0.09747156500816345,0.427001953125,0.31061092019081116,0.17638453841209412,0.6425109505653381,USGS_LPC_TX_West_Central_B7_2018_14RKA550190_LAS_2019,173681,control
18518,824.4586181640625,0.10679326951503754,0.51763916015625,0.28704842925071716,0.16039332747459412,0.5646125674247742,USGS_LPC_TX_West_Central_B7_2018_14RKA550190_LAS_2019,173681,control
9337,844.1185302734375,0.6581741571426392,2.93963623046875,1.468133807182312,0.7371967434883118,2.867661714553833,USGS_LPC_TX_West_Central_B8_2018_13RMA130085_LAS_2019,145579,control
9336,838.8032836914062,0.16932816803455353,0.97283935546875,1.009026288986206,0.6780233383178711,2.1950128078460693,USGS_LPC_TX_West_Central_B8_2018_13RMA130085_LAS_2019,145579,control
41578,842.022216796875,0.9948042631149292,4.20147705078125,1.611217975616455,1.592157006263733,4.092019557952881,USGS_LPC_TX_West_Central_B8_2018_13RMA130085_LAS_2019,145673,control
41589,841.553466796875,0.918632984161377,3.95635986328125,1.5924891233444214,1.5025180578231812,3.8870396614074707,USGS_LPC_TX_West_Central_B8_2018_13RMA130085_LAS_2019,145673,control
41585,843.3781127929688,0.8253614902496338,3.090087890625,1.0561128854751587,0.7494494915008545,2.371877908706665,USGS_LPC_TX_West_Central_B8_2018_13RMA130085_LAS_2019,145673,control
2694,840.2285766601562,0.21843062341213226,1.064453125,0.9126448631286621,0.34888792037963867,1.4891830682754517,USGS_LPC_TX_West_Central_B8_2018_13RMA130085_LAS_2019,145764,control
2680,835.8792114257812,0.23254352807998657,1.66632080078125,2.0591516494750977,2.7327091693878174,5.742982864379883,USGS_LPC_TX_West_Central_B8_2018_13RMA130085_LAS_2019,145764,control
2689,839.4948120117188,0.36876100301742554,1.57220458984375,1.4362375736236572,0.3815389573574066,2.1095733642578125,USGS_LPC_TX_West_Central_B8_2018_13RMA130085_LAS_2019,145764,control
13872,845.7913818359375,0.5068703889846802,1.99139404296875,1.2291101217269897,0.679558277130127,2.4520528316497803,USGS_LPC_TX_West_Central_B8_2018_13RMA130085_LAS_2019,145930,control
13874,845.4254150390625,0.39256390929222107,1.6297607421875,1.063025712966919,0.6486343145370483,2.2659451961517334,USGS_LPC_TX_West_Central_B8_2018_13RMA130085_LAS_2019,145930,control
13872,844.5177612304688,0.7469741106033325,3.0604248046875,1.4641344547271729,0.9054391980171204,3.188413619995117,USGS_LPC_TX_West_Central_B8_2018_13RMA130085_LAS_2019,145930,control
6873,843.5222778320312,0.34317484498023987,1.527587890625,1.1811044216156006,0.7831808924674988,2.734544515609741,USGS_LPC_TX_West_Central_B8_2018_13RMA130085_LAS_2019,145931,control
6872,844.5079956054688,0.31655266880989075,1.52374267578125,1.1438016891479492,0.7393794059753418,2.6281044483184814,USGS_LPC_TX_West_Central_B8_2018_13RMA130085_LAS_2019,145931,control
6875,845.477294921875,0.33929309248924255,1.47625732421875,0.9112211465835571,0.4491710364818573,1.6687692403793335,USGS_LPC_TX_West_Central_B8_2018_13RMA130085_LAS_2019,145931,control
9582,848.4217529296875,0.532365083694458,4.8394775390625,3.873856544494629,7.37656831741333,21.52099609375,USGS_LPC_TX_West_Central_B8_2018_13RMA130085_LAS_2019,146032,control
9586,842.032470703125,0.5665050745010376,2.23760986328125,1.1457127332687378,0.5834944248199463,2.1833958625793457,USGS_LPC_TX_West_Central_B8_2018_13RMA130085_LAS_2019,146032,control
9584,848.9100341796875,0.5519536733627319,2.4178466796875,1.4033386707305908,0.9528886079788208,3.2943413257598877,USGS_LPC_TX_West_Central_B8_2018_13RMA130085_LAS_2019,146032,control
52621,843.554931640625,1.4547030925750732,5.3272705078125,1.2494521141052246,0.5555259585380554,2.1852221488952637,USGS_LPC_TX_West_Central_B8_2018_13RMA130085_LAS_2019,146033,control
52620,841.1787719726562,1.5667152404785156,6.6741943359375,1.4422621726989746,0.7009075880050659,2.5623090267181396,USGS_LPC_TX_West_Central_B8_2018_13RMA130085_LAS_2019,146033,control
52620,841.6425170898438,1.2802753448486328,5.16644287109375,1.3034764528274536,0.9634584188461304,2.7866828441619873,USGS_LPC_TX_West_Central_B8_2018_13RMA130085_LAS_2019,146033,control
5827,849.9447631835938,0.30014845728874207,1.384521484375,1.0597646236419678,0.758539080619812,2.6514065265655518,USGS_LPC_TX_West_Central_B8_2018_13RMA130085_LAS_2019,146114,control
5827,850.5631713867188,0.14548127353191376,0.7412109375,0.5394238233566284,0.32429882884025574,1.1097750663757324,USGS_LPC_TX_West_Central_B8_2018_13RMA130085_LAS_2019,146114,control
5832,845.3363037109375,0.30847227573394775,1.23468017578125,1.0630382299423218,0.6572057604789734,2.195146083831787,USGS_LPC_TX_West_Central_B8_2018_13RMA130085_LAS_2019,146114,control
4606,845.4544677734375,0.1446654498577118,0.7867431640625,0.6429029703140259,0.38675037026405334,1.3592102527618408,USGS_LPC_TX_West_Central_B8_2018_13RMA130085_LAS_2019,146205,control
4610,845.65283203125,0.06353297084569931,0.39105224609375,0.6211264729499817,0.5430150628089905,1.6487928628921509,USGS_LPC_TX_West_Central_B8_2018_13RMA130085_LAS_2019,146205,control
4614,844.4637451171875,0.2891828715801239,1.15252685546875,0.9985594153404236,0.5364051461219788,1.9715906381607056,USGS_LPC_TX_West_Central_B8_2018_13RMA130085_LAS_2019,146205,control
5101,849.8253173828125,0.28518378734588623,1.2117919921875,0.9228430390357971,0.5885741114616394,2.026881694793701,USGS_LPC_TX_West_Central_B8_2018_13RMA130085_LAS_2019,146299,control
5091,845.7642822265625,0.25701409578323364,1.12835693359375,0.8271889090538025,0.5083049535751343,1.6224544048309326,USGS_LPC_TX_West_Central_B8_2018_13RMA130085_LAS_2019,146299,control
5097,846.3375244140625,0.295560747385025,1.32159423828125,0.9010259509086609,0.4903826117515564,1.7185277938842773,USGS_LPC_TX_West_Central_B8_2018_13RMA130085_LAS_2019,146299,control
12810,849.5833129882812,0.6104723811149597,2.62664794921875,1.1540546417236328,0.5671213269233704,2.219829797744751,USGS_LPC_TX_West_Central_B8_2018_13RMA130085_LAS_2019,146363,control
12809,849.7656860351562,0.38295280933380127,1.6947021484375,0.9295318126678467,0.6144620776176453,2.200592041015625,USGS_LPC_TX_West_Central_B8_2018_13RMA130085_LAS_2019,146363,control
12806,851.5723876953125,0.4650063216686249,1.90264892578125,0.8982633352279663,0.3740973174571991,1.5391104221343994,USGS_LPC_TX_West_Central_B8_2018_13RMA130085_LAS_2019,146363,control
5277,847.3936157226562,0.2227366715669632,1.01165771484375,0.86573725938797,0.4897976219654083,1.818365454673767,USGS_LPC_TX_West_Central_B8_2018_13RMA130085_LAS_2019,146457,control
5279,842.9098510742188,0.2720737159252167,1.2701416015625,1.2113571166992188,0.6771081686019897,2.502819776535034,USGS_LPC_TX_West_Central_B8_2018_13RMA130085_LAS_2019,146457,control
5276,844.3573608398438,0.3698866367340088,1.90740966796875,1.1285091638565063,0.4693877100944519,1.9451972246170044,USGS_LPC_TX_West_Central_B8_2018_13RMA130085_LAS_2019,146457,control
